group, matrix,best_time,nnz_tot,nnz_frac,nnz_mu,nnz_sigma,nnzb_mu,nnzb_sigma,snzb_mu,snzb_sigma,COO.t,ELL.t,CSR.t,HYB.t,HYBMU.t,BSR.t,second_best_time
HB,bcsstk30.mtx,BSR.t,2043492,0.244262,70.7,31.7,9.9,5.3,8.6,4.8,0.35,0.177,0.165,0.172,0.174,0.15,HYB.t
HB,bcsstk31.mtx,CSR.t,1181416,0.093282,33.2,15.2,10.6,5.1,4.2,3.4,0.227,0.145,0.12,0.135,0.126,0.121,HYBMU.t
HB,bcsstk32.mtx,BSR.t,2014701,0.101243,45.2,15.5,6.6,4.9,10.6,7.4,0.36,0.172,0.207,0.168,0.169,0.149,HYBMU.t
HB,bcsstk33.mtx,CSR.t,591904,0.775224,67.7,16.1,10.2,4.2,7.9,4.7,0.121,0.1,0.058,0.106,0.107,0.063,ELL.t
HB,psmigr_1.mtx,COO.t,543162,5.508966,173,191.6,126.7,112.6,1.3,0.2,0.001,0.001,0.001,0.001,0.001,100000,COO.t
HB,psmigr_2.mtx,COO.t,540022,5.477119,172,191.6,126.8,112.9,1.3,0.2,0.13,1.431,0.136,0.13,0.189,0.487,COO.t
HB,psmigr_3.mtx,COO.t,543162,5.508966,173,191.6,126.7,112.6,1.3,0.2,0.136,1.43,0.136,0.136,0.19,0.488,COO.t
ATandT,pre2.mtx,HYBMU.t,5959282,0.001372,9,22.1,7.7,10.2,1.2,0.3,1.048,100000,1.031,0.613,0.543,1.963,HYB.t
ATandT,twotone.mtx,HYBMU.t,1224224,0.008396,10.1,15,8.8,11.9,1.2,0.4,0.226,0.345,0.214,0.18,0.143,0.428,HYB.t
Averous,epb3.mtx,ELL.t,463625,0.006475,5.5,0.5,1.5,0.5,4,1,0.12,0.032,0.064,0.061,0.032,0.092,ELL.t
Bai,af23560.mtx,ELL.t,484256,0.087242,20.6,1.3,7.8,1.1,2.7,0.3,0.109,0.029,0.053,0.029,0.029,0.04,ELL.t
Boeing,bcsstk35.mtx,BSR.t,1450163,0.158613,48,14.2,4.3,2.6,14.5,8,0.273,0.17,0.154,0.113,0.126,0.1,HYBMU.t
Boeing,bcsstk36.mtx,BSR.t,1143140,0.215121,49.6,12.2,4,1.8,14,5.5,0.209,0.133,0.127,0.111,0.112,0.081,HYBMU.t
Boeing,bcsstk37.mtx,BSR.t,1140977,0.175426,44.7,13.4,4.8,3.1,13.3,7.5,0.228,0.087,0.12,0.109,0.116,0.079,HYB.t
Boeing,bcsstk38.mtx,HYB.t,355460,0.55099,44.3,20.4,6.7,3.9,8.6,5.7,0.092,0.39,0.103,0.079,0.08,0.101,HYBMU.t
Boeing,crystk02.mtx,BSR.t,968583,0.496655,69.4,14.8,8,1.5,8.7,0.9,0.19,0.066,0.076,0.068,0.119,0.064,HYB.t
Boeing,crystk03.mtx,ELL.t,1751178,0.287129,70.9,14.2,8.1,1.4,8.7,0.9,0.307,0.081,0.125,0.081,0.128,0.105,ELL.t
Boeing,crystm03.mtx,ELL.t,583770,0.095717,23.6,4.7,23.6,4.7,1,0,0.152,0.034,0.061,0.034,0.087,0.087,ELL.t
Boeing,ct20stif.mtx,HYB.t,2698463,0.098544,51.6,17,6.5,3.6,10.1,5.6,0.477,0.241,0.277,0.188,0.21,0.211,HYBMU.t
Boeing,msc10848.mtx,CSR.t,1229778,1.045027,113.4,48.1,13.2,5.6,9,2.7,0.234,0.469,0.102,0.143,0.154,0.161,HYB.t
Boeing,msc23052.mtx,HYB.t,1154814,0.217318,50.1,11.6,6.4,1.7,8,1.8,0.241,0.131,0.133,0.089,0.108,0.113,HYBMU.t
Boeing,pcrystk02.mtx,BSR.t,968583,0.496655,69.4,14.8,8,1.5,8.7,0.9,0.189,0.067,0.076,0.068,0.119,0.063,HYB.t
Boeing,pcrystk03.mtx,ELL.t,1751178,0.287129,70.9,14.2,8.1,1.4,8.7,0.9,0.307,0.082,0.125,0.082,0.128,0.105,ELL.t
Boeing,pct20stif.mtx,HYB.t,2698463,0.098544,51.6,17,6.5,3.6,10.1,5.6,0.477,0.24,0.277,0.188,0.209,0.21,HYBMU.t
Boeing,pwtk.mtx,HYB.t,11634424,0.0245,53.4,4.7,3.2,0.9,17.1,2.9,1.852,0.546,1.086,0.499,0.499,0.558,HYB.t
Bova,rma10.mtx,BSR.t,2374001,0.108228,50.7,27.8,7.1,3.3,7.1,1.7,0.416,0.176,0.254,0.233,0.215,0.17,HYBMU.t
FIDAP,ex11.mtx,ELL.t,1096948,0.397409,66,16.2,9.2,2.3,7.3,1.7,0.217,0.073,0.087,0.12,0.108,0.079,CSR.t
FIDAP,ex40.mtx,BSR.t,458012,0.764531,59.2,25.8,15.9,7.5,3.8,0.9,0.128,0.069,0.058,0.081,0.1,0.046,ELL.t
Garon,garon2.mtx,ELL.t,390607,0.213218,28.9,10.8,16.2,3.7,1.7,0.3,0.108,0.041,0.045,0.081,0.077,0.079,CSR.t
Goodwin,rim.mtx,ELL.t,1014951,0.199419,45,26.6,16.1,7.1,2.8,1.5,0.192,0.101,0.128,0.132,0.106,0.119,HYBMU.t
Gupta,gupta1.mtx,HYB.t,2164210,0.213989,68.1,360.3,37.2,93.4,1.4,0.5,0.386,100000,0.551,0.277,0.28,1.403,HYBMU.t
Gupta,gupta2.mtx,HYBMU.t,4248286,0.11029,68.5,356,37.5,92,1.4,0.5,0.715,100000,0.686,0.503,0.464,1.515,HYB.t
Gupta,gupta3.mtx,CSR.t,9323427,3.310064,555.5,1233.5,27.3,57.6,23.7,17.2,1.355,100000,0.672,0.998,1.032,1.763,HYB.t
Hamm,bcircuit.mtx,ELL.t,375558,0.007911,5.5,2.2,3.3,1.8,1.8,0.5,0.101,0.056,0.06,0.072,0.078,0.12,CSR.t
Hamm,hcircuit.mtx,HYBMU.t,513072,0.004594,4.9,7.9,2.5,2.7,2,0.9,0.136,100000,0.32,0.089,0.088,0.16,HYB.t
Hamm,scircuit.mtx,HYBMU.t,958936,0.003279,5.6,4.4,3.4,3,1.8,0.5,0.222,0.298,0.157,0.125,0.124,0.336,HYB.t
Hollinger,g7jac100.mtx,CSR.t,384636,0.043871,13,22.6,10.8,21.7,1.6,1.4,0.122,0.116,0.085,0.096,0.098,0.187,HYB.t
Hollinger,g7jac100sc.mtx,CSR.t,384636,0.043871,13,22.6,10.8,21.7,1.6,1.4,0.123,0.116,0.085,0.096,0.098,0.188,HYB.t
Hollinger,g7jac120.mtx,HYB.t,475296,0.037608,13.4,23.3,11.2,22.5,1.6,1.4,0.109,0.146,0.1,0.094,0.099,0.222,HYBMU.t
Hollinger,g7jac120sc.mtx,HYB.t,475296,0.037608,13.4,23.3,11.2,22.5,1.6,1.4,0.109,0.146,0.1,0.094,0.097,0.222,HYBMU.t
Hollinger,g7jac140.mtx,HYBMU.t,565956,0.032877,13.6,23.8,11.5,23,1.6,1.4,0.131,0.158,0.114,0.121,0.106,0.256,CSR.t
Hollinger,g7jac140sc.mtx,HYBMU.t,565956,0.032877,13.6,23.8,11.5,23,1.6,1.4,0.13,0.16,0.112,0.122,0.105,0.256,CSR.t
Hollinger,g7jac160.mtx,HYB.t,656616,0.029188,13.8,24.2,11.7,23.4,1.6,1.4,0.151,0.189,0.128,0.114,0.14,0.289,CSR.t
Hollinger,g7jac160sc.mtx,HYB.t,656616,0.029188,13.8,24.2,11.7,23.4,1.6,1.4,0.149,0.19,0.128,0.114,0.14,0.288,CSR.t
Hollinger,g7jac180.mtx,CSR.t,747276,0.026235,14,24.4,11.9,23.7,1.6,1.4,0.166,0.201,0.142,0.145,0.142,0.322,CSR.t
Hollinger,g7jac180sc.mtx,CSR.t,747276,0.026235,14,24.4,11.9,23.7,1.6,1.4,0.166,0.201,0.142,0.145,0.142,0.322,CSR.t
Hollinger,g7jac200.mtx,HYB.t,837936,0.023821,14.1,24.7,12,23.9,1.6,1.4,0.185,0.217,0.155,0.137,0.137,0.355,HYB.t
Hollinger,g7jac200sc.mtx,HYB.t,837936,0.023821,14.1,24.7,12,23.9,1.6,1.4,0.185,0.217,0.155,0.137,0.137,0.354,HYB.t
Hollinger,mark3jac140.mtx,HYB.t,399735,0.009732,6.2,4.4,5.2,4.1,1.3,0.4,0.122,0.079,0.078,0.077,0.089,0.177,CSR.t
Hollinger,mark3jac140sc.mtx,HYB.t,399735,0.009732,6.2,4.4,5.2,4.1,1.3,0.4,0.122,0.079,0.078,0.077,0.089,0.177,CSR.t
LPnetlib,lp_ken_18.mtx,HYBMU.t,358171,0.002202,3.4,12.3,2,12.3,1.9,0.5,0.122,0.259,0.163,0.104,0.097,0.782,HYB.t
LPnetlib,lp_osa_30.mtx,COO.t,604488,0.133139,139,1857.5,74.8,787.1,1.4,0.4,0.136,100000,3.837,0.142,0.22,8.353,HYB.t
LPnetlib,lp_osa_60.mtx,COO.t,1408073,0.05631,137,2927.1,70,1111.1,1.3,0.4,0.261,100000,9.152,0.265,0.298,9.81,HYB.t
Li,li.mtx,ELL.t,1350309,0.262164,59.5,29.2,25.8,10,2.4,0.8,0.251,0.094,0.147,0.152,0.151,0.139,CSR.t
Li,pli.mtx,ELL.t,1350309,0.262164,59.5,29.2,25.8,10,2.4,0.8,0.25,0.094,0.147,0.152,0.151,0.138,CSR.t
Mallya,lhr17.mtx,BSR.t,381975,0.12365,21.7,26.3,3.9,1,6.1,7.7,0.115,0.056,0.062,0.111,0.084,0.049,CSR.t
Mallya,lhr17c.mtx,BSR.t,381975,0.12365,21.7,26.3,3.9,1,6.1,7.7,0.116,0.056,0.062,0.111,0.084,0.049,CSR.t
Mallya,lhr34.mtx,BSR.t,764014,0.06183,21.7,26.3,4,1,6.1,7.7,0.17,0.106,0.11,0.161,0.138,0.082,CSR.t
Mallya,lhr34c.mtx,BSR.t,764014,0.06183,21.7,26.3,4,1,6.1,7.7,0.169,0.106,0.11,0.16,0.138,0.082,CSR.t
Mallya,lhr71.mtx,BSR.t,1528092,0.030916,21.7,26.3,4,1,6.1,7.7,0.299,0.167,0.203,0.251,0.225,0.151,CSR.t
Mallya,lhr71c.mtx,BSR.t,1528092,0.030916,21.7,26.3,4,1,6.1,7.7,0.299,0.167,0.203,0.25,0.225,0.151,CSR.t
Mulvey,finan512.mtx,HYBMU.t,596992,0.010684,8,6.3,5.9,3.8,1.4,0.4,0.128,0.094,0.086,0.078,0.075,0.187,HYB.t
Mulvey,pfinan512.mtx,HYBMU.t,596992,0.010684,8,6.3,5.9,3.8,1.4,0.4,0.128,0.094,0.086,0.077,0.075,0.187,HYB.t
Nasa,nasasrb.mtx,BSR.t,2677324,0.088926,48.8,8.5,8.3,2,6.7,4.5,0.451,0.219,0.25,0.173,0.182,0.17,HYBMU.t
Nemeth,nemeth01.mtx,BSR.t,725054,0.80237,76.3,10.7,6.9,1.6,11.8,3.6,0.169,0.076,0.062,0.086,0.097,0.049,ELL.t
Nemeth,nemeth02.mtx,BSR.t,394808,0.436908,41.5,6.7,6.2,1.5,7.1,2.2,0.117,0.046,0.05,0.092,0.083,0.034,CSR.t
Nemeth,nemeth03.mtx,BSR.t,394808,0.436908,41.5,6.7,6.2,1.5,7.1,2.2,0.117,0.046,0.05,0.092,0.083,0.033,CSR.t
Nemeth,nemeth04.mtx,BSR.t,394808,0.436908,41.5,6.7,6.2,1.5,7.1,2.2,0.117,0.046,0.05,0.092,0.082,0.033,CSR.t
Nemeth,nemeth05.mtx,BSR.t,394808,0.436908,41.5,6.7,6.2,1.5,7.1,2.2,0.117,0.045,0.05,0.092,0.083,0.033,CSR.t
Nemeth,nemeth06.mtx,BSR.t,394808,0.436908,41.5,6.7,6.2,1.5,7.1,2.2,0.117,0.046,0.05,0.092,0.082,0.033,CSR.t
Nemeth,nemeth07.mtx,BSR.t,394812,0.436913,41.5,6.7,6.2,1.5,7.1,2.2,0.121,0.046,0.05,0.092,0.083,0.033,CSR.t
Nemeth,nemeth08.mtx,BSR.t,394816,0.436917,41.5,6.7,6.2,1.5,7.1,2.2,0.091,0.045,0.05,0.093,0.082,0.033,CSR.t
Nemeth,nemeth09.mtx,BSR.t,395506,0.437681,41.6,6.7,6.1,1.5,7.2,2.3,0.112,0.045,0.05,0.08,0.069,0.033,CSR.t
Nemeth,nemeth10.mtx,BSR.t,401448,0.444256,42.2,7.1,6.1,1.3,7.3,2.2,0.103,0.045,0.05,0.09,0.082,0.033,CSR.t
Nemeth,nemeth11.mtx,BSR.t,408264,0.451799,42.9,7.1,6.1,1.5,7.4,2.2,0.103,0.046,0.051,0.085,0.071,0.034,CSR.t
Nemeth,nemeth12.mtx,BSR.t,446818,0.494464,47,6.5,6.9,1.5,7.2,2.4,0.105,0.047,0.055,0.093,0.077,0.034,CSR.t
Nemeth,nemeth13.mtx,BSR.t,474472,0.525067,49.9,7,7.1,1.7,7.8,3.9,0.111,0.051,0.059,0.098,0.076,0.034,CSR.t
Nemeth,nemeth14.mtx,BSR.t,496144,0.54905,52.2,6.5,7,1.5,7.9,2.6,0.124,0.051,0.06,0.082,0.074,0.037,CSR.t
Nemeth,nemeth15.mtx,BSR.t,539802,0.597364,56.8,6,7.4,1.5,8.1,2.3,0.137,0.055,0.066,0.088,0.086,0.039,CSR.t
Nemeth,nemeth16.mtx,BSR.t,587012,0.649608,61.8,5.2,6.9,1.3,9.3,2,0.124,0.057,0.074,0.093,0.106,0.04,CSR.t
Nemeth,nemeth17.mtx,BSR.t,629620,0.696759,66.2,5.8,7,1.6,10,2.4,0.147,0.061,0.056,0.089,0.096,0.041,ELL.t
Nemeth,nemeth18.mtx,BSR.t,695234,0.76937,73.1,5.6,7.1,1.6,11,3.4,0.139,0.066,0.059,0.1,0.087,0.044,ELL.t
Nemeth,nemeth19.mtx,BSR.t,818302,0.905562,86.1,7.5,7.2,1.4,12.4,2.5,0.179,0.077,0.066,0.091,0.097,0.049,ELL.t
Nemeth,nemeth20.mtx,BSR.t,971870,1.075505,102.2,11.1,8.9,1.5,11.8,2.2,0.203,0.092,0.075,0.113,0.137,0.057,ELL.t
Nemeth,nemeth21.mtx,BSR.t,1173746,1.298908,123.5,14.3,9.2,2.6,14.5,4,0.219,0.107,0.088,0.14,0.14,0.066,ELL.t
Nemeth,nemeth22.mtx,BSR.t,1358832,1.503731,142.9,17.4,10.7,2.8,14.3,3.8,0.238,0.124,0.099,0.165,0.153,0.076,ELL.t
Nemeth,nemeth23.mtx,BSR.t,1506810,1.667489,158.5,24.3,12.5,3.2,13.5,3.4,0.269,0.141,0.11,0.181,0.177,0.089,ELL.t
Nemeth,nemeth24.mtx,BSR.t,1506550,1.667201,158.5,25.4,13.8,3.6,12.1,2.9,0.265,0.142,0.11,0.162,0.186,0.087,ELL.t
Nemeth,nemeth25.mtx,BSR.t,1511758,1.672964,159,25.2,13.4,3.3,12.4,2.8,0.262,0.142,0.111,0.175,0.175,0.087,ELL.t
Nemeth,nemeth26.mtx,BSR.t,1511760,1.672966,159,25.2,13.4,3.3,12.4,2.8,0.263,0.142,0.111,0.175,0.176,0.087,ELL.t
Qaplib,lp_nug30.mtx,HYB.t,1567800,0.007908,30,0,23,12.1,4.5,6.1,0.375,0.125,0.182,0.124,0.124,0.669,HYB.t
Ronis,xenon1.mtx,ELL.t,1181120,0.050006,24.3,4.3,7.9,1.3,3.1,0.4,0.218,0.062,0.114,0.062,0.086,0.131,ELL.t
Ronis,xenon2.mtx,ELL.t,3866688,0.015595,24.6,4.1,8,1.3,3.1,0.4,0.653,0.171,0.333,0.171,0.219,0.397,ELL.t
Rothberg,3dtube.mtx,HYB.t,3213618,0.156395,70.9,39.7,11,1.6,7.2,36.7,0.552,100000,0.346,0.191,0.224,0.256,HYBMU.t
Rothberg,cfd1.mtx,ELL.t,1828364,0.036624,25.9,3,15.1,6.2,2,0.9,0.338,0.089,0.163,0.112,0.135,0.254,HYB.t
Rothberg,cfd2.mtx,ELL.t,3087898,0.020265,25,3.9,9.5,2.4,2.7,0.7,0.558,0.139,0.27,0.17,0.188,0.33,HYB.t
Rothberg,gearbox.mtx,ELL.t,9080404,0.038415,59.1,15.4,9.8,4.1,7.3,4.9,1.436,0.455,0.889,0.578,0.541,0.637,HYBMU.t
Rothberg,struct3.mtx,ELL.t,1173694,0.040899,21.9,4.3,9.1,0.8,2.4,0.5,0.248,0.064,0.113,0.098,0.122,0.113,HYB.t
Simon,appu.mtx,CSR.t,1853104,0.945461,132.4,36.5,131,35.8,1,0,0.322,0.233,0.171,0.209,0.194,1.108,HYBMU.t
Simon,bbmat.mtx,BSR.t,1771722,0.118028,45.7,38.4,16.9,12.3,2.6,0.8,0.324,0.127,0.187,0.244,0.2,0.124,CSR.t
Simon,olafu.mtx,BSR.t,1015156,0.389406,62.9,12.4,9.1,4.4,8.9,4.9,0.206,0.071,0.115,0.097,0.109,0.067,HYB.t
Simon,raefsky3.mtx,BSR.t,1488768,0.33125,70.2,6.3,2.9,0.2,23.8,1.2,0.251,0.073,0.103,0.083,0.116,0.054,HYB.t
Simon,raefsky4.mtx,BSR.t,1328611,0.339617,67.2,16,8.3,2,8.9,4.7,0.237,0.131,0.104,0.115,0.124,0.085,HYB.t
Simon,venkat01.mtx,BSR.t,1717792,0.044083,27.5,2.3,6.7,0.7,4.2,0.4,0.307,0.095,0.144,0.127,0.124,0.077,HYBMU.t
Simon,venkat25.mtx,BSR.t,1717792,0.044083,27.5,2.3,6.7,0.7,4.2,0.4,0.307,0.095,0.144,0.127,0.126,0.077,HYBMU.t
Simon,venkat50.mtx,BSR.t,1717792,0.044083,27.5,2.3,6.7,0.7,4.2,0.4,0.305,0.095,0.144,0.127,0.126,0.077,HYBMU.t
Vavasis,av41092.mtx,HYBMU.t,1683902,0.099725,41,167,14.4,52.5,1.9,0.6,0.321,1.395,0.415,0.287,0.276,0.414,HYB.t
Cunningham,k3plates.mtx,BSR.t,378927,0.307158,34.1,5.5,4.6,1.2,7.8,2.3,0.108,0.048,0.047,0.068,0.068,0.04,ELL.t
Cunningham,qa8fk.mtx,ELL.t,1660579,0.037975,25.1,4.2,8.6,1.1,2.9,0.3,0.304,0.085,0.152,0.085,0.135,0.182,ELL.t
Cunningham,qa8fm.mtx,ELL.t,1660579,0.037975,25.1,4.2,8.6,1.1,2.9,0.3,0.304,0.085,0.152,0.085,0.135,0.182,ELL.t
Boeing,bcsstk39.mtx,ELL.t,2089294,0.095505,44.7,5,8.2,2,6.1,2.9,0.374,0.102,0.194,0.141,0.141,0.142,HYB.t
Chen,pkustk01.mtx,ELL.t,979380,0.201544,44.4,20.2,6.4,2.9,7.1,1.4,0.205,0.096,0.107,0.117,0.114,0.102,CSR.t
Chen,pkustk02.mtx,CSR.t,810000,0.694444,75,30.5,6.8,2.2,11.4,4.1,0.169,0.111,0.07,0.115,0.114,0.072,ELL.t
Chen,pkustk03.mtx,ELL.t,3130416,0.078037,49.4,11.8,6.6,1.8,7.7,1.6,0.551,0.174,0.295,0.19,0.21,0.199,HYB.t
Chen,pkustk04.mtx,HYBMU.t,4218660,0.136515,75.9,110.9,10,9.8,7.4,3.1,0.689,100000,0.427,0.388,0.354,0.489,HYB.t
Chen,pkustk05.mtx,BSR.t,2205144,0.159659,59.3,24.6,8.5,3.5,7,1.1,0.395,0.168,0.232,0.229,0.21,0.16,HYBMU.t
Chen,pkustk06.mtx,ELL.t,2571768,0.138035,59.6,24.9,8.5,3.5,7,1.1,0.45,0.171,0.266,0.23,0.237,0.177,HYB.t
Chen,pkustk07.mtx,CSR.t,2418804,0.850914,143.5,61.1,27.3,13.8,5.8,2.3,0.407,0.199,0.177,0.203,0.222,0.274,ELL.t
Chen,pkustk08.mtx,ELL.t,3226671,0.654179,145.3,61.5,28.5,14.3,5.6,2.1,0.519,0.215,0.23,0.236,0.254,0.354,CSR.t
Chen,pkustk09.mtx,ELL.t,1583640,0.137316,46.6,14.5,6.3,2,7.5,1.7,0.303,0.108,0.156,0.138,0.146,0.113,HYB.t
Chen,pkustk10.mtx,ELL.t,4308984,0.066204,53.4,6.6,6.5,1.6,8.6,1.9,0.718,0.19,0.41,0.19,0.19,0.261,ELL.t
Chen,pkustk11.mtx,ELL.t,5217912,0.067681,59.4,25,8.4,3.5,7.1,1.3,0.878,0.285,0.523,0.394,0.366,0.337,HYBMU.t
Chen,pkustk12.mtx,HYBMU.t,7512317,0.08385,79.4,148.4,11.4,12.3,6.8,1.9,1.227,100000,0.714,0.67,0.548,0.834,HYB.t
Chen,pkustk13.mtx,HYBMU.t,6616827,0.073482,69.7,32.7,16.4,7.2,4.4,1.2,1.045,0.546,0.5,0.51,0.471,0.687,CSR.t
Chen,pkustk14.mtx,ELL.t,14836504,0.064279,97.7,46.5,16.3,9.1,6.3,1.5,2.261,0.919,1.001,1.077,0.989,1.162,HYBMU.t
Pothen,onera_dual.mtx,ELL.t,419201,0.005725,4.9,0.3,3.6,0.9,1.5,0.6,0.106,0.03,0.055,0.03,0.03,0.136,ELL.t
Pothen,tandem_dual.mtx,ELL.t,460493,0.005204,4.9,0.3,3.7,0.9,1.4,0.4,0.125,0.033,0.06,0.033,0.033,0.147,ELL.t
Norris,heart1.mtx,CSR.t,1387773,10.968587,390.2,123.9,35.5,24.7,19.6,21.8,0.252,0.702,0.085,0.252,0.309,0.183,COO.t
Norris,heart2.mtx,CSR.t,682797,12.480476,291.9,75.6,21.2,16,22.9,17.1,0.141,0.384,0.049,0.142,0.229,0.118,COO.t
Norris,heart3.mtx,CSR.t,682797,12.480476,291.9,75.6,21.2,16,22.9,17.1,0.142,0.384,0.049,0.142,0.229,0.118,COO.t
Norris,lung2.mtx,ELL.t,492564,0.004111,4.5,1.9,2.8,0.7,1.6,0.7,0.138,0.044,0.086,0.088,0.096,0.096,CSR.t
Norris,stomach.mtx,HYB.t,3021648,0.006638,14.2,5.9,7.9,2.6,1.7,0.4,0.542,0.133,0.265,0.132,0.226,0.485,ELL.t
Norris,torso1.mtx,BSR.t,8516500,0.063119,73.3,419.6,3.4,1.8,7.3,28.1,1.403,100000,0.705,1.119,1.142,0.698,HYB.t
Norris,torso2.mtx,ELL.t,1033473,0.007685,8.9,0.6,3.1,0.5,2.9,0.3,0.203,0.053,0.095,0.057,0.057,0.158,HYB.t
Norris,torso3.mtx,ELL.t,4429042,0.006595,17.1,4.4,8.8,2.2,1.9,0.3,0.772,0.185,0.403,0.205,0.267,0.688,HYB.t
Shen,e40r0100.mtx,ELL.t,553562,0.185365,32,15.5,7.1,3.6,6.2,4.9,0.144,0.057,0.071,0.079,0.095,0.086,CSR.t
Pereyra,landmark.mtx,ELL.t,1151232,0.591716,16,0,4,0,4,0,0.231,0.055,0.084,0.055,0.055,0.094,ELL.t
vanHeukelum,cage11.mtx,ELL.t,559722,0.036645,14.3,4.5,12.5,4.2,1.2,0.1,0.141,0.045,0.061,0.081,0.093,0.129,CSR.t
vanHeukelum,cage12.mtx,ELL.t,2032536,0.011985,15.6,4.7,13.7,4.5,1.2,0.1,0.411,0.105,0.187,0.161,0.167,0.419,HYB.t
vanHeukelum,cage13.mtx,ELL.t,7479343,0.003772,16.8,5.1,14.9,4.9,1.1,0.1,1.395,0.353,0.666,0.518,0.478,1.54,HYBMU.t
vanHeukelum,cage14.mtx,ELL.t,27130349,0.001197,18,5.4,16.1,5.2,1.1,0.1,5.431,1.216,2.427,1.621,1.569,4.985,HYBMU.t
Hohn,sinc15.mtx,CSR.t,568526,0.427505,49.3,28.6,30,24.7,6.4,7.3,0.137,0.07,0.069,0.09,0.099,0.12,ELL.t
Hohn,sinc18.mtx,ELL.t,973826,0.360838,59.3,34.3,36,29.6,7.4,8.7,0.187,0.086,0.112,0.122,0.126,0.196,CSR.t
Andrews,Andrews.mtx,ELL.t,760154,0.021115,12.7,3.4,12.7,3.4,1,0,0.182,0.094,0.106,0.127,0.106,0.429,CSR.t
FEMLAB,ns3Da.mtx,CSR.t,1679599,0.403041,82.3,43.9,75.4,37.6,1.1,0.1,0.297,0.259,0.151,0.219,0.21,1.121,HYBMU.t
FEMLAB,poisson3Da.mtx,CSR.t,352762,0.193159,26.1,13.8,24.1,12,1.1,0.1,0.115,0.084,0.044,0.081,0.068,0.209,HYBMU.t
FEMLAB,poisson3Db.mtx,ELL.t,2374949,0.032395,27.7,14.7,25.9,13,1.1,0.1,0.419,0.216,0.24,0.273,0.277,1.149,CSR.t
FEMLAB,sme3Da.mtx,CSR.t,874887,0.559569,70,34.9,62.6,28.9,1.1,0.1,0.17,0.234,0.081,0.116,0.113,0.594,HYBMU.t
FEMLAB,sme3Db.mtx,CSR.t,2081063,0.246312,71.6,37.1,65.5,32.1,1.1,0.1,0.354,0.307,0.179,0.234,0.23,1.196,HYBMU.t
FEMLAB,sme3Dc.mtx,CSR.t,3148656,0.170845,73.3,37,67,31.9,1.1,0.1,0.527,0.394,0.263,0.33,0.363,1.6,HYB.t
ND,nd3k.mtx,CSR.t,3279690,4.049,364.4,94.8,41.6,13.1,9,1.4,0.507,0.35,0.168,0.333,0.352,0.193,HYB.t
ND,nd6k.mtx,CSR.t,6897316,2.128801,383.2,89.2,45.2,12.9,8.7,1.2,1.009,0.385,0.328,0.427,0.455,0.356,ELL.t
ND,nd12k.mtx,CSR.t,14220946,1.097295,395,83.2,46.7,12.2,8.7,1.2,2.059,0.787,0.658,0.847,0.893,0.663,ELL.t
ND,nd24k.mtx,CSR.t,28715634,0.553928,398.8,76.9,47.1,11.6,8.7,1.2,4.176,1.319,1.312,1.387,1.534,1.325,ELL.t
Schenk_AFE,af_shell1.mtx,ELL.t,17588875,0.006901,34.8,1.3,3,0.1,11.6,0.5,2.808,0.674,1.478,0.69,0.69,0.881,HYB.t
Schenk_AFE,af_shell2.mtx,ELL.t,17588875,0.006901,34.8,1.3,3,0.1,11.6,0.5,2.807,0.674,1.476,0.69,0.689,0.88,HYBMU.t
Schenk_AFE,af_shell3.mtx,ELL.t,17588875,0.006901,34.8,1.3,3,0.1,11.6,0.5,2.808,0.674,1.48,0.691,0.691,0.881,HYB.t
Schenk_AFE,af_shell4.mtx,ELL.t,17588875,0.006901,34.8,1.3,3,0.1,11.6,0.5,2.808,0.674,1.48,0.691,0.691,0.881,HYB.t
Schenk_AFE,af_shell5.mtx,ELL.t,17588875,0.006901,34.8,1.3,3,0.1,11.6,0.5,2.809,0.674,1.478,0.69,0.691,0.881,HYB.t
Schenk_AFE,af_shell6.mtx,ELL.t,17588875,0.006901,34.8,1.3,3,0.1,11.6,0.5,2.812,0.673,1.479,0.69,0.69,0.881,HYB.t
Schenk_AFE,af_shell7.mtx,ELL.t,17588875,0.006901,34.8,1.3,3,0.1,11.6,0.5,2.811,0.671,1.478,0.691,0.689,0.881,HYBMU.t
Schenk_AFE,af_shell8.mtx,ELL.t,17588875,0.006901,34.8,1.3,3,0.1,11.6,0.5,2.808,0.673,1.476,0.691,0.69,0.881,HYBMU.t
Schenk_AFE,af_shell9.mtx,ELL.t,17588875,0.006901,34.8,1.3,3,0.1,11.6,0.5,2.809,0.673,1.479,0.69,0.691,0.881,HYB.t
Schenk_IBMNA,c-62.mtx,HYBMU.t,559343,0.032119,13.4,34.3,8.3,12.3,1.5,10.9,0.14,100000,0.935,0.108,0.1,0.22,HYB.t
Schenk_IBMNA,c-64.mtx,HYBMU.t,717841,0.027561,14.1,153.5,5.4,12,1.6,3.5,0.162,100000,2.329,0.133,0.118,1.086,HYB.t
Schenk_IBMNA,c-66.mtx,HYBMU.t,499007,0.019969,10,36.5,5.6,7.5,1.5,12.5,0.142,100000,0.937,0.117,0.096,0.165,HYB.t
Schenk_IBMNA,c-67.mtx,HYB.t,531935,0.015826,9.2,44.7,4.7,5.9,1.4,4.5,0.148,100000,0.515,0.113,0.116,0.4,HYBMU.t
Schenk_IBMNA,c-73.mtx,HYBMU.t,1279274,0.004457,7.6,151.5,5.5,50.8,1.4,48.5,0.251,100000,7.034,0.203,0.195,1.574,HYB.t
Schenk_IBMSDS,2D_27628_bjtcai.mtx,HYB.t,442898,0.058024,16,2.9,3.8,0.9,4.4,0.9,0.123,0.071,0.063,0.059,0.069,0.075,CSR.t
Schenk_IBMSDS,2D_54019_highK.mtx,HYBMU.t,996414,0.034147,18.4,6.9,3.7,1,5.1,1.3,0.219,0.94,0.244,0.112,0.098,0.133,HYB.t
Schenk_IBMSDS,3D_28984_Tetra.mtx,HYB.t,599170,0.071324,20.7,29.7,5.3,7.1,4,0.4,0.132,100000,0.48,0.084,0.084,0.274,HYB.t
Schenk_IBMSDS,3D_51448_3D.mtx,HYB.t,1056610,0.039919,20.5,28.4,5.2,4.8,4,0.4,0.204,100000,0.711,0.095,0.095,0.375,HYB.t
Schenk_IBMSDS,ibm_matrix_2.mtx,HYB.t,1056610,0.039919,20.5,28.4,5.2,4.8,4,0.4,0.205,100000,0.71,0.095,0.095,0.375,HYB.t
Schenk_IBMSDS,matrix_9.mtx,HYBMU.t,2121550,0.019832,20.5,17.8,4.9,3,4.2,0.2,0.387,100000,0.649,0.118,0.117,0.366,HYB.t
Schenk_IBMSDS,matrix-new_3.mtx,HYBMU.t,2678750,0.017054,21.4,42.8,5.2,6.8,4.1,0.4,0.491,100000,1.261,0.178,0.154,1.199,HYB.t
Schenk_ISEI,barrier2-10.mtx,HYBMU.t,3897557,0.029153,33.7,28.5,22.3,14.3,1.5,0.4,0.674,100000,1.115,0.377,0.357,1.032,HYB.t
Schenk_ISEI,barrier2-11.mtx,HYBMU.t,3897557,0.029153,33.7,28.5,22.3,14.3,1.5,0.4,0.673,100000,1.114,0.377,0.358,1.036,HYB.t
Schenk_ISEI,barrier2-12.mtx,HYBMU.t,3897557,0.029153,33.7,28.5,22.3,14.3,1.5,0.4,0.673,100000,1.111,0.377,0.355,1.028,HYB.t
Schenk_ISEI,barrier2-1.mtx,HYBMU.t,3805068,0.029759,33.7,24.9,22.3,14.4,1.5,0.3,0.652,100000,0.934,0.357,0.335,1.127,HYB.t
Schenk_ISEI,barrier2-2.mtx,HYBMU.t,3805068,0.029759,33.7,24.9,22.3,14.4,1.5,0.3,0.652,100000,0.936,0.358,0.338,1.122,HYB.t
Schenk_ISEI,barrier2-3.mtx,HYBMU.t,3805068,0.029759,33.7,24.9,22.3,14.4,1.5,0.3,0.652,100000,0.933,0.357,0.334,1.122,HYB.t
Schenk_ISEI,barrier2-4.mtx,HYBMU.t,3805068,0.029759,33.7,24.9,22.3,14.4,1.5,0.3,0.653,100000,0.937,0.357,0.334,1.114,HYB.t
Schenk_ISEI,barrier2-9.mtx,HYBMU.t,3897557,0.029153,33.7,28.5,22.3,14.3,1.5,0.4,0.674,100000,1.115,0.377,0.36,1.029,HYB.t
Schenk_ISEI,nmos3.mtx,ELL.t,386594,0.11189,20.8,2.4,12,4.4,1.9,0.6,0.099,0.035,0.045,0.068,0.068,0.105,CSR.t
Schenk_ISEI,ohne2.mtx,HYBMU.t,11063545,0.033643,61,21.1,30.5,11.1,2.1,0.9,1.754,100000,1.152,0.748,0.74,1.795,HYB.t
Schenk_ISEI,para-10.mtx,HYBMU.t,5416358,0.022278,34.7,22.3,22.6,11.5,1.6,0.4,0.904,100000,1.012,0.462,0.452,1.319,HYB.t
Schenk_ISEI,para-4.mtx,HYBMU.t,5326228,0.022686,34.8,19.9,22.6,11.6,1.6,0.4,0.907,100000,0.898,0.466,0.453,1.167,HYB.t
Schenk_ISEI,para-5.mtx,HYBMU.t,5416358,0.022278,34.7,22.3,22.6,11.5,1.6,0.4,0.904,100000,1.01,0.459,0.451,1.32,HYB.t
Schenk_ISEI,para-6.mtx,HYBMU.t,5416358,0.022278,34.7,22.3,22.6,11.5,1.6,0.4,0.905,100000,1.006,0.458,0.447,1.32,HYB.t
Schenk_ISEI,para-7.mtx,HYBMU.t,5416358,0.022278,34.7,22.3,22.6,11.5,1.6,0.4,0.904,100000,1.013,0.458,0.451,1.321,HYB.t
Schenk_ISEI,para-8.mtx,HYBMU.t,5416358,0.022278,34.7,22.3,22.6,11.5,1.6,0.4,0.904,100000,1.012,0.46,0.451,1.32,HYB.t
Schenk_ISEI,para-9.mtx,HYBMU.t,5416358,0.022278,34.7,22.3,22.6,11.5,1.6,0.4,0.904,100000,1.014,0.458,0.449,1.318,HYB.t
Kamvar,Stanford.mtx,HYB.t,2312497,0.00291,8.2,166.3,8.1,155.5,0.9,0.1,0.469,100000,7.491,0.41,0.433,3.904,HYBMU.t
Kamvar,Stanford_Berkeley.mtx,HYBMU.t,7583376,0.001624,11.1,284.8,3.7,18.1,2.6,55,1.34,100000,15.588,1.221,1.135,2.953,HYB.t
Tromble,language.mtx,HYBMU.t,1216334,0.000764,3,20.7,3,19.8,1,0.1,0.284,100000,2.267,0.203,0.173,0.843,HYB.t
Sanghavi,ecl32.mtx,ELL.t,380415,0.014072,7.3,3.4,6.2,2.8,1.2,0.1,0.128,0.038,0.051,0.059,0.059,0.108,CSR.t
ACUSIM,Pres_Poisson.mtx,HYB.t,715804,0.325822,48.3,5.1,12.1,5.5,5.8,5.7,0.169,0.047,0.079,0.046,0.074,0.065,ELL.t
Hamrle,Hamrle3.mtx,ELL.t,5514242,0.000263,3.8,1.6,2.2,1.1,2.1,1.3,1.09,0.329,0.65,0.355,0.473,1.047,HYB.t
Oberwolfach,gyro_k.mtx,HYB.t,1021159,0.3388,58.8,32.1,11.6,6,5.4,2.3,0.199,0.241,0.127,0.113,0.119,0.124,HYBMU.t
Oberwolfach,t3dh_a.mtx,ELL.t,4352105,0.069433,55,14.5,26.6,9,2.3,1,0.713,0.24,0.425,0.283,0.29,0.654,HYB.t
Oberwolfach,t3dh_e.mtx,ELL.t,4352105,0.069433,55,14.5,26.6,9,2.3,1,0.711,0.242,0.424,0.283,0.29,0.653,HYB.t
Oberwolfach,t3dl_a.mtx,ELL.t,509866,0.122999,25,3.9,14,4.1,1.9,0.7,0.126,0.032,0.057,0.033,0.071,0.108,HYB.t
Lin,Lin.mtx,ELL.t,1766400,0.002695,6.9,0.3,4.9,0.3,1.4,0,0.323,0.083,0.174,0.083,0.083,0.268,ELL.t
GHS_indef,bmw3_2.mtx,HYB.t,11288630,0.021838,49.7,13.8,5.9,2.9,10.3,5.6,1.821,0.669,1.062,0.557,0.619,0.739,HYBMU.t
GHS_indef,c-55.mtx,HYBMU.t,403450,0.037547,12.3,24.5,7.3,10,1.5,5.6,0.127,1.84,0.547,0.102,0.087,0.13,HYB.t
GHS_indef,c-58.mtx,HYBMU.t,552557,0.039095,14.7,43.4,9.1,19.6,1.5,12.2,0.136,100000,0.925,0.124,0.119,0.201,HYB.t
GHS_indef,c-59.mtx,HYBMU.t,480536,0.028197,11.6,23.8,6.9,9.5,1.5,5.2,0.135,100000,0.601,0.101,0.09,0.143,HYB.t
GHS_indef,c-62ghs.mtx,HYBMU.t,559343,0.032119,13.4,34.3,8.3,12.3,1.5,10.9,0.141,100000,0.937,0.108,0.1,0.22,HYB.t
GHS_indef,c-63.mtx,HYBMU.t,434704,0.022217,9.8,21.3,5.9,6.3,1.5,5.3,0.125,100000,0.615,0.092,0.083,0.149,HYB.t
GHS_indef,c-68.mtx,HYBMU.t,566006,0.013475,8.7,18.7,5.9,8.9,1.3,3.7,0.153,100000,0.551,0.112,0.108,0.181,HYB.t
GHS_indef,c-69.mtx,HYBMU.t,623970,0.013712,9.2,21.9,5.6,6.1,1.4,5.6,0.143,100000,0.823,0.135,0.1,0.2,HYB.t
GHS_indef,c-70.mtx,HYBMU.t,658986,0.013872,9.6,22.6,5.8,6.5,1.4,5.7,0.159,100000,0.837,0.136,0.103,0.215,HYB.t
GHS_indef,c-71.mtx,HYBMU.t,859554,0.014635,11.2,29.2,6.9,9.1,1.5,8.2,0.186,100000,1.26,0.145,0.129,0.293,HYB.t
GHS_indef,c-72.mtx,HYBMU.t,707558,0.010012,8.4,22.1,5.2,5.7,1.4,6,0.164,100000,0.978,0.139,0.116,0.235,HYB.t
GHS_indef,copter2.mtx,ELL.t,759952,0.024693,13.7,4.2,9.2,2.9,1.5,0.3,0.173,0.059,0.08,0.09,0.103,0.189,CSR.t
GHS_indef,d_pretok.mtx,HYB.t,1641672,0.004917,9,2.7,6,2,1.5,0.3,0.318,0.081,0.158,0.08,0.154,0.329,ELL.t
GHS_indef,darcy003.mtx,ELL.t,2101242,0.001382,5.4,2,4,1.7,1.5,0.6,0.447,0.134,0.236,0.134,0.205,0.698,ELL.t
GHS_indef,dawson5.mtx,ELL.t,1010777,0.038055,19.6,5.3,9.6,4.1,2.5,1.7,0.218,0.064,0.104,0.106,0.092,0.151,HYBMU.t
GHS_indef,exdata_1.mtx,CSR.t,2269501,6.302069,378.2,649.6,3,0,126.3,217.3,0.425,0.943,0.125,0.359,0.517,0.209,HYB.t
GHS_indef,helm2d03.mtx,ELL.t,2741935,0.001782,7,0.1,6,1.3,1.3,0.5,0.522,0.144,0.272,0.184,0.184,0.785,HYB.t
GHS_indef,helm3d01.mtx,ELL.t,428444,0.041255,13.3,6.2,10.8,4.5,1.2,0.3,0.13,0.047,0.054,0.104,0.079,0.148,CSR.t
GHS_indef,k1_san.mtx,ELL.t,559774,0.012192,8.3,2.7,5.6,2,1.5,0.4,0.157,0.036,0.065,0.078,0.078,0.127,CSR.t
GHS_indef,mario002.mtx,ELL.t,2101242,0.001382,5.4,2,4,1.7,1.5,0.6,0.447,0.134,0.236,0.134,0.205,0.699,ELL.t
GHS_indef,olesnik0.mtx,ELL.t,744216,0.009553,8.4,2.8,5.7,2.1,1.5,0.4,0.18,0.042,0.083,0.075,0.092,0.162,HYB.t
GHS_indef,stokes128.mtx,ELL.t,558594,0.022645,11.2,2.4,4.6,0.5,2.4,0.3,0.127,0.035,0.058,0.035,0.063,0.076,ELL.t
GHS_indef,turon_m.mtx,ELL.t,1690876,0.004688,8.9,2.8,5.9,2.1,1.6,0.4,0.345,0.083,0.163,0.083,0.147,0.349,ELL.t
GHS_psdef,bmw7st_1.mtx,HYB.t,7339667,0.036737,51.9,12.7,5.3,2.6,11.6,5.7,1.172,0.521,0.708,0.372,0.411,0.51,HYBMU.t
GHS_psdef,bmwcra_1.mtx,HYB.t,10644002,0.048092,71.5,18.5,10.7,4.5,8,5.5,1.631,0.656,0.719,0.48,0.584,0.804,HYBMU.t
GHS_psdef,copter2.mtx,ELL.t,759952,0.024693,13.7,4.2,9.2,2.9,1.5,0.3,0.172,0.059,0.08,0.091,0.103,0.19,CSR.t
GHS_psdef,crankseg_1.mtx,HYBMU.t,10614210,0.380675,201,88.7,27.3,10.4,7.5,2.3,1.556,100000,0.705,0.74,0.687,0.714,CSR.t
GHS_psdef,crankseg_2.mtx,CSR.t,14148858,0.347187,221.6,95.9,29.8,11.1,7.5,2.1,2.087,100000,0.935,1.002,0.938,0.952,HYBMU.t
DNVS,crplat2.mtx,BSR.t,960946,0.296259,53.4,7.5,3.4,1.1,16.8,4.8,0.197,0.062,0.102,0.094,0.095,0.054,HYB.t
DNVS,fcondp2.mtx,ELL.t,11294316,0.027728,56,9.5,4.2,2.8,20.2,15.6,1.744,0.458,1.082,0.515,0.54,0.564,HYB.t
GHS_psdef,ford2.mtx,ELL.t,544688,0.005426,5.4,1.6,3.6,1,1.5,0.4,0.141,0.053,0.072,0.085,0.071,0.146,HYBMU.t
DNVS,fullb.mtx,ELL.t,11708077,0.02951,58.8,12.7,5,2.5,14.4,8.1,1.809,0.609,1.164,0.656,0.644,0.744,HYBMU.t
DNVS,halfb.mtx,ELL.t,12387821,0.024553,55.2,12,4.3,2.1,14.8,6.4,1.957,0.604,1.19,0.634,0.637,0.677,HYB.t
GHS_psdef,hood.mtx,ELL.t,10768436,0.02214,48.8,12.8,5.4,1.5,9.4,2.8,1.712,0.535,1.04,0.686,0.686,0.666,HYB.t
GHS_psdef,inline_1.mtx,HYBMU.t,36816342,0.01451,73.1,35.6,15.2,5.3,4.7,0.9,5.735,100000,2.657,2.505,2.398,3.371,HYB.t
GHS_psdef,ldoor.mtx,ELL.t,46522475,0.005131,48.9,11.9,5,1.4,10.3,2.8,7.433,2.291,4.441,2.708,2.709,2.902,HYB.t
DNVS,m_t1.mtx,BSR.t,9753570,0.102438,100,28.6,8.6,2.9,12.4,4.1,1.465,0.576,0.653,0.663,0.626,0.536,HYBMU.t
GHS_psdef,oilpan.mtx,BSR.t,3597188,0.066133,48.8,13.5,3.1,0.4,15.8,4.5,0.586,0.188,0.341,0.283,0.276,0.176,HYBMU.t
GHS_psdef,opt1.mtx,BSR.t,1930655,0.808917,125,42.5,11.3,5.9,13.3,6.7,0.341,0.178,0.145,0.192,0.169,0.134,HYBMU.t
GHS_psdef,ramage02.mtx,ELL.t,2866352,1.011955,170.3,52.9,48.4,18.2,4.1,2.6,0.461,0.206,0.208,0.216,0.215,0.243,CSR.t
GHS_psdef,s3dkq4m2.mtx,ELL.t,4820891,0.058928,53.3,3.6,3,0.1,17.8,1,0.812,0.185,0.45,0.185,0.185,0.214,ELL.t
GHS_psdef,s3dkt3m2.mtx,HYBMU.t,3753461,0.04588,41.5,2.7,3,0.1,13.9,0.7,0.643,0.144,0.332,0.145,0.143,0.194,ELL.t
DNVS,ship_001.mtx,BSR.t,4644230,0.38086,133,55.2,10.3,4,13.3,3.5,0.718,0.359,0.327,0.415,0.377,0.298,ELL.t
DNVS,ship_003.mtx,ELL.t,8086034,0.05457,66.4,18.7,8.2,3,8.7,2.7,1.278,0.415,0.565,0.473,0.463,0.598,HYBMU.t
DNVS,shipsec1.mtx,ELL.t,7813404,0.039371,55.5,11.1,8,1.9,7.4,2.9,1.246,0.367,0.742,0.41,0.409,0.459,HYBMU.t
DNVS,shipsec5.mtx,ELL.t,10113096,0.031262,56.2,12.1,7.9,2,7.6,2.8,1.592,0.49,0.975,0.525,0.533,0.677,HYB.t
DNVS,shipsec8.mtx,ELL.t,6653399,0.05038,57.9,14.3,7.5,2.3,8.3,3.1,1.065,0.34,0.657,0.406,0.363,0.432,HYBMU.t
GHS_psdef,srb1.mtx,HYB.t,2962152,0.098194,53.9,4.9,3.5,1.2,16.3,3.4,0.491,0.252,0.31,0.137,0.137,0.194,HYB.t
DNVS,thread.mtx,HYBMU.t,4470048,0.50553,150.3,47.2,21.4,7.1,7.4,2.3,0.677,0.272,0.312,0.286,0.269,0.336,ELL.t
DNVS,trdheim.mtx,BSR.t,1935324,0.396322,87.6,32.4,3.9,1,22.9,8.3,0.347,0.127,0.147,0.164,0.151,0.09,CSR.t
DNVS,troll.mtx,HYB.t,11985111,0.026305,56.1,12.9,6.2,3.1,11.3,5.3,1.862,0.706,1.157,0.581,0.603,0.708,HYBMU.t
DNVS,tsyl201.mtx,ELL.t,2454957,0.573763,118.7,28.6,17.2,3.9,7,1.5,0.398,0.14,0.178,0.199,0.183,0.194,CSR.t
GHS_psdef,vanbody.mtx,HYBMU.t,2336898,0.105466,49.6,17.6,6.3,3,9,3.6,0.394,0.214,0.233,0.186,0.175,0.18,HYB.t
GHS_psdef,wathen100.mtx,ELL.t,471601,0.051027,15.5,3.8,4.3,1,3.7,0.8,0.125,0.032,0.056,0.067,0.068,0.05,CSR.t
GHS_psdef,wathen120.mtx,ELL.t,565761,0.042604,15.5,3.8,4.3,0.9,3.7,0.8,0.127,0.045,0.064,0.079,0.092,0.058,CSR.t
DNVS,x104.mtx,BSR.t,10167624,0.086554,93.8,29.2,9.2,3.7,11.8,6.3,1.538,0.606,0.676,0.657,0.631,0.492,HYBMU.t
GHS_indef,a0nsdsil.mtx,HYBMU.t,355034,0.005545,4.4,50,3.9,1,1.1,12.6,0.12,100000,1.099,0.073,0.068,0.234,HYB.t
GHS_indef,blockqp1.mtx,HYBMU.t,640033,0.017772,10.7,305.4,2.7,0.5,5.2,208.2,0.149,100000,8.302,0.122,0.099,1.819,HYB.t
GHS_indef,boyd1.mtx,HYBMU.t,1211231,0.013921,13,653.4,3.7,104.8,4.6,346.3,0.255,100000,19.943,0.19,0.178,4.638,HYB.t
GHS_indef,boyd2.mtx,HYB.t,1500397,0.00069,3.2,194.9,2.7,0.6,1.3,100.1,0.328,100000,17.386,0.159,0.162,3.788,HYBMU.t
GHS_indef,cont-201.mtx,ELL.t,438795,0.006755,5.4,0.6,3.5,0.5,1.6,0.1,0.117,0.03,0.054,0.067,0.03,0.09,ELL.t
GHS_indef,cont-300.mtx,ELL.t,988195,0.00302,5.5,0.6,3.5,0.5,1.6,0.1,0.206,0.054,0.105,0.104,0.054,0.188,ELL.t
GHS_indef,ncvxbqp1.mtx,ELL.t,349968,0.013999,7,2,7,2,1,0,0.107,0.032,0.05,0.068,0.086,0.124,CSR.t
GHS_indef,ncvxqp3.mtx,ELL.t,499964,0.008888,6.7,3.5,6.7,3.5,1,0,0.145,0.045,0.067,0.097,0.08,0.185,CSR.t
GHS_indef,ncvxqp5.mtx,ELL.t,424966,0.010879,6.8,2.9,6.8,2.9,1,0,0.109,0.039,0.059,0.073,0.093,0.154,CSR.t
GHS_indef,ncvxqp7.mtx,ELL.t,574962,0.00751,6.6,4,6.6,4,1,0,0.148,0.051,0.075,0.093,0.104,0.217,CSR.t
GHS_indef,sparsine.mtx,ELL.t,1548988,0.06196,31,11.2,31,11.2,1,0,0.306,0.171,0.174,0.197,0.196,0.812,CSR.t
GHS_psdef,cvxbqp1.mtx,ELL.t,349968,0.013999,7,2,7,2,1,0,0.107,0.032,0.05,0.068,0.086,0.124,CSR.t
GHS_psdef,gridgena.mtx,ELL.t,512084,0.021361,10.5,2.3,4.7,1.1,2.4,0.9,0.136,0.037,0.055,0.08,0.08,0.061,CSR.t
Rajat,rajat15.mtx,HYBMU.t,443573,0.031949,11.9,27.6,8.4,13.1,1.5,1,0.127,100000,0.557,0.099,0.085,0.291,HYB.t
Bydder,mri1.mtx,ELL.t,589824,0.006104,9,0,3,0,3,0,0.127,0.054,0.062,0.054,0.054,0.105,ELL.t
Bydder,mri2.mtx,ELL.t,569160,0.006104,9,0,3,0,3,0,0.134,0.047,0.061,0.047,0.047,0.089,ELL.t
IBM_EDA,dc1.mtx,HYBMU.t,766396,0.005614,6.6,361.5,4.8,69.2,1.1,0.4,0.187,100000,22.26,0.129,0.119,2.259,HYB.t
IBM_EDA,dc2.mtx,HYBMU.t,766396,0.005614,6.6,361.5,4.8,69.2,1.1,0.4,0.187,100000,22.182,0.129,0.118,2.263,HYB.t
IBM_EDA,dc3.mtx,HYBMU.t,766396,0.005614,6.6,361.5,4.8,69.2,1.1,0.4,0.187,100000,22.182,0.129,0.119,2.258,HYB.t
IBM_EDA,trans4.mtx,HYBMU.t,766396,0.005614,6.6,361.5,4.8,69.2,1.1,0.4,0.187,100000,22.143,0.129,0.119,2.258,HYB.t
IBM_EDA,trans5.mtx,HYBMU.t,766396,0.005614,6.6,361.5,4.8,69.2,1.1,0.4,0.187,100000,22.19,0.129,0.119,2.258,HYB.t
VanVelzen,std1_Jac2_db.mtx,CSR.t,498771,0.103221,22.7,50.1,10.4,23.4,1.5,1.4,0.134,0.149,0.089,0.122,0.114,0.098,HYBMU.t
VanVelzen,std1_Jac2.mtx,HYBMU.t,1248731,0.258425,56.8,145.6,14.9,29.5,2.2,7.9,0.261,0.587,0.235,0.25,0.23,0.238,CSR.t
VanVelzen,std1_Jac3_db.mtx,CSR.t,531826,0.110061,24.2,51.4,10.2,24,2,3.9,0.14,0.148,0.092,0.127,0.107,0.1,HYBMU.t
VanVelzen,std1_Jac3.mtx,CSR.t,1455848,0.301288,66.2,169.3,16.1,31.4,2.3,7.9,0.286,0.67,0.167,0.256,0.252,0.256,HYBMU.t
VanVelzen,Zd_Jac2_db.mtx,CSR.t,676439,0.129726,29.6,57.4,20.4,39.3,1.3,0.9,0.168,0.158,0.107,0.152,0.126,0.134,HYBMU.t
VanVelzen,Zd_Jac2.mtx,CSR.t,1642833,0.315059,71.9,164.4,17.3,30.6,2.5,8.2,0.322,0.609,0.18,0.275,0.27,0.286,HYBMU.t
VanVelzen,Zd_Jac3_db.mtx,CSR.t,713907,0.136911,31.3,59,20.4,40.4,1.7,3.1,0.17,0.159,0.109,0.153,0.143,0.136,HYBMU.t
VanVelzen,Zd_Jac3.mtx,CSR.t,1916152,0.367475,83.9,191.4,18,30.9,2.7,8.3,0.379,0.693,0.202,0.321,0.287,0.311,HYBMU.t
VanVelzen,Zd_Jac6_db.mtx,CSR.t,663643,0.127272,29.1,57,19.9,41.1,1.5,2.3,0.171,0.158,0.101,0.153,0.123,0.122,HYBMU.t
VanVelzen,Zd_Jac6.mtx,CSR.t,1711983,0.32832,75,175.5,17.5,31.2,2.5,8.2,0.328,0.686,0.178,0.29,0.283,0.288,HYBMU.t
Rajat,rajat16.mtx,HYBMU.t,641159,0.007211,6.8,97.7,4.5,20.8,1.5,0.6,0.149,100000,5.068,0.118,0.113,0.794,HYB.t
Rajat,rajat17.mtx,HYBMU.t,641159,0.007211,6.8,97.7,4.5,20.8,1.5,0.6,0.148,100000,5.106,0.118,0.112,0.796,HYB.t
Rajat,rajat18.mtx,HYB.t,485143,0.005456,5.1,96.9,3.6,20,1.4,0.6,0.138,100000,5.066,0.093,0.094,0.8,HYBMU.t
Lourakis,bundle1.mtx,CSR.t,770901,0.688565,72.9,198.8,5,15.5,16.5,8.7,0.174,1.082,0.121,0.142,0.148,0.396,HYB.t
PARSEC,CO.mtx,HYB.t,7666057,0.015679,34.7,7,23.3,3.5,1.5,0.1,1.277,0.396,0.681,0.358,0.397,1.256,ELL.t
PARSEC,Ga10As10H30.mtx,HYB.t,6115633,0.047826,54.1,82.4,25.6,12.2,1.7,0.9,1.02,0.86,0.671,0.526,0.545,0.874,HYBMU.t
PARSEC,Ga19As19H42.mtx,CSR.t,8884839,0.050135,66.7,103.2,27.3,14.9,1.9,1.1,1.445,1.199,0.74,0.849,0.846,1.21,HYBMU.t
PARSEC,Ga3As3H12.mtx,CSR.t,5970947,0.158646,97.3,224.7,29.5,25.9,1.9,1.6,0.975,1.215,0.493,0.714,0.704,0.77,HYBMU.t
PARSEC,Ga41As41H72.mtx,CSR.t,18488476,0.025723,69,105.4,28.1,15.4,1.9,1.1,3.01,100000,1.541,1.725,1.731,2.406,HYB.t
PARSEC,GaAsH6.mtx,HYBMU.t,3381809,0.089853,55.1,134.6,24.7,15.4,1.7,1,0.584,100000,0.42,0.359,0.302,0.505,HYB.t
PARSEC,Ge87H76.mtx,CSR.t,7892195,0.061824,69.9,90.2,28.5,15.1,1.9,1,1.28,0.974,0.66,0.769,0.777,1.045,HYB.t
PARSEC,Ge99H100.mtx,CSR.t,8451395,0.066204,74.8,94.5,29.2,15.8,2,1.1,1.376,1.02,0.703,0.853,0.861,1.092,HYB.t
PARSEC,H2O.mtx,ELL.t,2216736,0.049346,33.1,4.8,22.4,3.6,1.5,0.1,0.384,0.109,0.202,0.146,0.146,0.36,HYB.t
PARSEC,Si10H16.mtx,CSR.t,875923,0.30036,51.3,62.8,24.2,11.8,1.8,0.8,0.19,0.264,0.131,0.138,0.145,0.172,HYB.t
PARSEC,Si34H36.mtx,HYBMU.t,5156379,0.054165,52.8,68.9,25.6,11.5,1.7,0.8,0.872,0.667,0.574,0.445,0.442,0.76,HYB.t
PARSEC,Si41Ge41H72.mtx,CSR.t,15011265,0.043559,80.9,127,29.5,18.1,2,1.3,2.409,100000,1.206,1.532,1.512,1.783,HYBMU.t
PARSEC,Si5H12.mtx,HYBMU.t,738598,0.186585,37.1,31.2,22.9,6,1.6,0.4,0.158,0.233,0.087,0.101,0.081,0.128,CSR.t
PARSEC,Si87H76.mtx,HYB.t,10661631,0.018453,44.4,39.7,24.9,7.6,1.6,0.6,1.768,0.888,1.068,0.686,0.718,1.606,HYBMU.t
PARSEC,SiO2.mtx,CSR.t,11283503,0.046766,72.6,294.2,26.5,26.2,1.6,1.1,1.829,100000,0.913,1.119,1.11,1.155,HYBMU.t
PARSEC,SiO.mtx,HYBMU.t,1317655,0.118109,39.4,58,22.6,8.7,1.6,0.6,0.263,0.388,0.163,0.161,0.136,0.248,HYB.t
Rajat,rajat20.mtx,HYB.t,605045,0.008009,7,101.9,4.6,21.5,1.5,0.5,0.155,100000,5.111,0.101,0.102,0.819,HYBMU.t
Rajat,rajat21.mtx,HYBMU.t,1893370,0.001117,4.6,188.8,3.1,28.5,1.5,0.5,0.391,100000,21.997,0.194,0.184,3.328,HYB.t
Rajat,rajat23.mtx,HYB.t,556938,0.004573,5,19.4,3.2,6.4,1.7,0.8,0.138,100000,0.673,0.091,0.095,0.376,HYBMU.t
Rajat,rajat24.mtx,HYB.t,1948235,0.001519,5.4,180.1,3.5,28.7,1.5,0.5,0.382,100000,19.447,0.21,0.228,3.055,HYBMU.t
Rajat,rajat25.mtx,HYBMU.t,607235,0.007988,7,102,4.6,21.4,1.5,0.5,0.14,100000,5.081,0.096,0.083,0.844,HYB.t
Rajat,rajat28.mtx,HYBMU.t,607235,0.007988,7,102,4.6,21.4,1.5,0.5,0.14,100000,5.121,0.096,0.083,0.839,HYB.t
Andrianov,ex3sta1.mtx,HYBMU.t,678998,0.241091,40.5,24.2,21.5,11,1.9,0.3,0.162,0.225,0.096,0.09,0.082,0.193,HYB.t
Andrianov,fxm4_6.mtx,HYBMU.t,497844,0.139488,26.4,26.1,11.6,24.2,2.8,1.6,0.132,0.218,0.09,0.088,0.085,0.196,HYB.t
Andrianov,ins2.mtx,HYB.t,2751484,0.002874,8.9,590.4,6.4,164.7,2.4,556.3,0.506,100000,60.564,0.286,0.287,17.382,HYBMU.t
Andrianov,lp1.mtx,HYBMU.t,1643420,0.000575,3.1,341.5,2.1,334.1,1.7,0.4,0.357,100000,48.094,0.226,0.197,10.377,HYB.t
Andrianov,mip1.mtx,HYBMU.t,10352819,0.234368,155.8,350.7,5.8,3.4,31.4,57.4,1.701,100000,3.78,1.413,1.157,2.253,HYB.t
Andrianov,net100.mtx,ELL.t,2033200,0.227121,68,57.8,35.5,41.3,8.7,19,0.376,0.146,0.154,0.212,0.214,0.334,CSR.t
Andrianov,net125.mtx,ELL.t,2577200,0.191136,70.2,66.6,36.6,41.6,9,22.3,0.46,0.19,0.194,0.245,0.247,0.402,CSR.t
Andrianov,net150.mtx,ELL.t,3121200,0.164795,71.7,74.8,37.3,41.8,9.1,25.2,0.547,0.223,0.229,0.308,0.322,0.392,CSR.t
Andrianov,net25.mtx,CSR.t,401200,0.442677,42.1,32.5,23,34.8,5.4,4.2,0.112,0.099,0.06,0.08,0.103,0.141,HYB.t
Andrianov,net4-1.mtx,HYBMU.t,2441727,0.031286,27.6,85.3,25,37.7,1.1,0.2,0.464,100000,0.687,0.309,0.272,2.088,HYB.t
Andrianov,net50.mtx,ELL.t,945200,0.354882,57.9,39.1,30.6,39.4,7.4,10.4,0.195,0.104,0.116,0.126,0.14,0.162,CSR.t
Andrianov,net75.mtx,ELL.t,1489200,0.278598,64.4,48.4,33.8,40.7,8.2,15.2,0.284,0.11,0.177,0.167,0.181,0.272,HYB.t
Andrianov,pattern1.mtx,CSR.t,9323432,2.518114,484.5,379.7,480.7,364.8,1.1,0.3,1.469,100000,0.596,0.625,0.892,2.405,HYB.t
Andrianov,pf2177.mtx,CSR.t,725144,0.766262,74.5,32.8,72,26.4,1,0.3,0.164,0.172,0.068,0.114,0.095,0.6,HYBMU.t
MKS,fp.mtx,CSR.t,848553,1.489413,112.4,207.8,37.1,50.9,2.5,0.9,0.173,0.595,0.095,0.166,0.175,0.245,HYB.t
Rajat,rajat29.mtx,HYBMU.t,4866270,0.001173,7.6,773.9,4.9,114.4,1.3,0.4,0.906,100000,79.358,0.525,0.451,21.598,HYB.t
Rajat,rajat30.mtx,HYBMU.t,6175377,0.001489,9.6,784.6,5.8,123.4,1.5,0.4,1.111,100000,79.476,0.645,0.595,21.051,HYB.t
Rajat,rajat31.mtx,HYB.t,20316253,0.000092,4.3,1.1,3.1,0.7,1.4,0.3,3.829,100000,2.283,1.028,1.028,6.302,HYB.t
Raju,laminar_duct3D.mtx,HYB.t,3833077,0.084949,57.1,37.9,8.7,5.2,5.5,2.2,0.669,0.172,0.423,0.171,0.33,0.246,ELL.t
Schmid,thermal1.mtx,ELL.t,574458,0.008409,7,0.9,5.2,1.4,1.4,0.4,0.153,0.045,0.068,0.075,0.075,0.17,CSR.t
Schmid,thermal2.mtx,ELL.t,8580313,0.000569,7,0.8,5.3,1.4,1.4,0.4,1.797,0.527,0.807,0.65,0.653,2.522,HYB.t
Bindel,ted_A.mtx,BSR.t,424587,0.377525,40,37.2,5.7,4.9,7.6,13.4,0.111,0.104,0.068,0.093,0.108,0.037,HYB.t
Bindel,ted_A_unscaled.mtx,BSR.t,424587,0.377525,40,37.2,5.7,4.9,7.6,13.4,0.112,0.104,0.068,0.094,0.108,0.037,HYB.t
Koutsovasilis,F1.mtx,HYB.t,26837113,0.022706,78.1,40.8,16.5,6.9,4.7,1.1,4.141,100000,2.045,1.93,1.936,2.614,HYBMU.t
AMD,G2_circuit.mtx,ELL.t,726674,0.003225,4.8,0.6,2.9,0.6,1.7,0.3,0.174,0.045,0.091,0.09,0.09,0.176,HYB.t
Sandia,ASIC_100k.mtx,HYB.t,954163,0.009669,9.6,420.9,5.7,8.9,1.4,3.9,0.206,100000,19.05,0.126,0.145,3.769,HYBMU.t
Sandia,ASIC_100ks.mtx,HYBMU.t,578890,0.005884,5.8,6.2,3.5,3.8,2,1.1,0.141,0.171,0.126,0.102,0.082,0.356,HYB.t
Sandia,ASIC_320k.mtx,HYBMU.t,2635364,0.002545,8.2,503,5.8,9.3,1.2,0.3,0.506,100000,36.417,0.336,0.293,3.994,HYB.t
Sandia,ASIC_320ks.mtx,HYBMU.t,1827807,0.001766,5.7,7.9,3.6,3.8,1.5,0.8,0.375,100000,0.381,0.22,0.212,0.72,HYB.t
Sandia,ASIC_680k.mtx,HYBMU.t,3871773,0.00083,5.7,659.8,3.8,6.1,1.1,2,0.744,100000,69.498,0.447,0.418,8.001,HYB.t
Sandia,ASIC_680ks.mtx,HYB.t,2329176,0.0005,3.4,4.3,2.3,1.6,1.3,1,0.476,100000,0.577,0.313,0.318,0.941,HYBMU.t
AMD,G3_circuit.mtx,ELL.t,7660826,0.000305,4.8,0.6,2.8,0.6,1.8,0.3,1.56,0.396,0.824,0.461,0.46,1.8,HYBMU.t
GHS_psdef,apache1.mtx,ELL.t,542184,0.008305,6.7,0.5,4.7,0.5,1.4,0.1,0.133,0.034,0.064,0.034,0.034,0.106,ELL.t
GHS_psdef,apache2.mtx,HYB.t,4817870,0.000942,6.7,0.4,4.7,0.4,1.4,0,0.885,0.214,0.45,0.213,0.213,0.867,HYB.t
Oberwolfach,filter3D.mtx,HYBMU.t,2707179,0.023896,25.4,12.7,17.5,8.4,1.5,0.4,0.476,0.297,0.291,0.262,0.254,0.756,HYB.t
Oberwolfach,gas_sensor.mtx,ELL.t,1703365,0.038039,25.5,3.5,10.4,3,2.6,0.7,0.31,0.085,0.154,0.12,0.117,0.244,HYBMU.t
Oberwolfach,gyro.mtx,HYB.t,1021159,0.3388,58.8,32.1,11.6,6,5.4,2.3,0.2,0.241,0.126,0.113,0.119,0.124,HYBMU.t
Oberwolfach,rail_79841.mtx,ELL.t,553921,0.00869,6.9,2,5,1.5,1.4,0.4,0.128,0.042,0.067,0.101,0.077,0.163,CSR.t
Oberwolfach,t3dh.mtx,ELL.t,4352105,0.069433,55,14.5,26.6,9,2.3,1,0.713,0.241,0.424,0.281,0.29,0.655,HYB.t
Oberwolfach,t3dl.mtx,HYB.t,509866,0.122999,25,3.9,14,4.1,1.9,0.7,0.126,0.033,0.057,0.032,0.071,0.107,ELL.t
Oberwolfach,boneS01.mtx,ELL.t,6715152,0.041488,52.8,17.6,6.8,1.8,7.6,1.2,1.082,0.371,0.641,0.442,0.447,0.408,HYB.t
Pajek,HEP-th-new.mtx,HYBMU.t,352807,0.045749,12.7,16,12.6,15.1,0.9,0.1,0.098,0.368,0.156,0.077,0.073,0.417,HYB.t
Pajek,IMDB.mtx,HYBMU.t,3782463,0.000985,8.8,15.3,8.8,14.4,0.7,0.2,1.458,100000,1.734,1.272,1.219,3.627,HYB.t
Barabasi,NotreDame_www.mtx,ELL.t,929849,0.000876,2.9,5.6,1.7,2.4,0.8,1.7,0.225,0.171,0.215,0.226,0.175,0.339,HYBMU.t
Pajek,patents_main.mtx,HYBMU.t,560943,0.000969,2.3,3,2.3,2.7,0.8,0.2,0.155,0.236,0.189,0.147,0.125,0.479,HYB.t
Pajek,patents.mtx,HYBMU.t,14970767,0.000105,4,5.3,3.9,4.6,0.6,0.3,8.518,100000,7.985,8.133,7.811,14.491,CSR.t
Schenk_IBMNA,c-53.mtx,HYB.t,372213,0.040717,12.3,78.5,4.8,4.8,1.7,3.3,0.113,100000,0.987,0.086,0.099,0.542,HYBMU.t
Schenk_IBMNA,c-54.mtx,HYBMU.t,391693,0.038751,12.3,37.5,5.6,4.6,1.7,4.4,0.112,1.16,0.357,0.086,0.083,0.25,HYB.t
Schenk_IBMNA,c-56.mtx,HYBMU.t,380900,0.029538,10.6,32.1,5.6,7.5,1.5,4.3,0.101,0.891,0.281,0.088,0.078,0.256,HYB.t
Schenk_IBMNA,c-57.mtx,HYB.t,405197,0.028309,10.7,134.9,5,6,1.5,2.3,0.11,100000,2.379,0.081,0.093,0.996,HYBMU.t
Schenk_IBMNA,c-65.mtx,HYB.t,360528,0.015605,7.5,18.9,4.8,4.4,1.4,5.1,0.112,100000,0.621,0.07,0.078,0.13,HYBMU.t
Schenk_IBMNA,c-big.mtx,HYBMU.t,2341011,0.001964,6.8,36.4,4.4,2.9,1.3,12.6,0.477,100000,3.615,0.316,0.281,0.802,HYB.t
Schenk_AFE,af_0_k101.mtx,ELL.t,17550675,0.00692,34.8,1.3,3,0.1,11.6,0.4,2.835,0.658,1.475,0.658,0.658,0.883,ELL.t
Schenk_AFE,af_1_k101.mtx,ELL.t,17550675,0.00692,34.8,1.3,3,0.1,11.6,0.4,2.833,0.657,1.473,0.658,0.658,0.883,HYB.t
Schenk_AFE,af_2_k101.mtx,ELL.t,17550675,0.00692,34.8,1.3,3,0.1,11.6,0.4,2.835,0.656,1.473,0.657,0.657,0.883,HYB.t
Schenk_AFE,af_3_k101.mtx,HYBMU.t,17550675,0.00692,34.8,1.3,3,0.1,11.6,0.4,2.834,0.658,1.475,0.658,0.657,0.883,ELL.t
Schenk_AFE,af_4_k101.mtx,ELL.t,17550675,0.00692,34.8,1.3,3,0.1,11.6,0.4,2.833,0.656,1.475,0.658,0.656,0.883,ELL.t
Schenk_AFE,af_5_k101.mtx,HYB.t,17550675,0.00692,34.8,1.3,3,0.1,11.6,0.4,2.832,0.658,1.475,0.657,0.658,0.883,ELL.t
Schenk_AFE,af_shell10.mtx,ELL.t,52672325,0.002316,34.9,0.9,3,0.1,11.7,0.2,8.62,1.917,4.402,1.917,1.917,2.608,ELL.t
Schenk_IBMNA,c-64b.mtx,HYBMU.t,717841,0.027561,14.1,153.5,5.4,12,1.6,3.5,0.163,100000,2.327,0.133,0.119,1.085,HYB.t
Schenk_IBMNA,c-66b.mtx,HYBMU.t,499007,0.019969,10,36.5,5.6,7.5,1.5,12.5,0.143,100000,0.934,0.116,0.096,0.165,HYB.t
Schenk_IBMNA,c-67b.mtx,HYB.t,531935,0.015826,9.2,44.7,4.7,5.9,1.4,4.5,0.147,100000,0.515,0.115,0.117,0.4,HYBMU.t
Schenk_IBMNA,c-73b.mtx,HYBMU.t,1279274,0.004457,7.6,151.5,5.5,50.8,1.4,48.5,0.252,100000,7.035,0.203,0.196,1.575,HYB.t
POLYFLOW,invextr1_new.mtx,ELL.t,1793881,0.193956,59,39.2,31.7,20.7,1.9,0.8,0.347,0.163,0.205,0.208,0.18,0.291,HYBMU.t
POLYFLOW,mixtank_new.mtx,ELL.t,1995041,0.222308,66.6,38.3,35.9,19.7,1.9,0.5,0.349,0.127,0.153,0.213,0.186,0.362,CSR.t
INPRO,msdoor.mtx,ELL.t,20240935,0.011704,48.7,11.7,5.8,2.3,9.3,3.3,3.183,0.97,1.932,1.166,1.166,1.222,HYB.t
Mittelmann,pds-40.mtx,HYBMU.t,466800,0.00321,7,6.4,6.6,6.4,1.2,0.8,0.128,0.142,0.095,0.12,0.086,0.335,CSR.t
Mittelmann,pds-50.mtx,CSR.t,590833,0.002579,7.1,6.7,6.7,6.7,1.2,0.9,0.156,0.162,0.121,0.121,0.127,0.423,CSR.t
Mittelmann,pds-60.mtx,HYB.t,719557,0.002151,7.2,6.9,6.8,6.9,1.2,0.9,0.17,0.208,0.153,0.139,0.144,0.514,HYBMU.t
Mittelmann,pds-70.mtx,HYBMU.t,833465,0.001859,7.3,7,6.9,7,1.2,0.9,0.215,0.257,0.175,0.174,0.165,0.585,HYB.t
Mittelmann,pds-80.mtx,HYBMU.t,927826,0.001653,7.2,7.1,6.8,7.1,1.2,0.9,0.24,0.295,0.199,0.198,0.195,0.667,HYB.t
Mittelmann,pds-90.mtx,HYBMU.t,1014136,0.001493,7.1,7.2,6.7,7.2,1.2,0.9,0.261,0.331,0.218,0.209,0.197,0.716,HYB.t
Mittelmann,pds-100.mtx,HYBMU.t,1096002,0.001363,7,7.2,6.6,7.2,1.2,0.9,0.272,0.377,0.236,0.235,0.218,0.774,HYB.t
Mittelmann,rail2586.mtx,HYB.t,8011362,0.335544,3098,6505.8,687.9,1650.7,6.8,18.7,1.246,100000,2.185,1.245,2.975,10.992,COO.t
Mittelmann,rail4284.mtx,COO.t,11284032,0.240132,2634,4209.3,558.1,1290.6,39.8,189.5,1.911,100000,2.307,1.931,2.901,1000000,HYB.t
Mittelmann,sgpf5y6.mtx,HYBMU.t,831976,0.001082,3.4,7.5,2.3,0.7,2,7.5,0.185,0.379,0.315,0.133,0.125,0.344,HYB.t
Mittelmann,stormG2_1000.mtx,ELL.t,3459881,0.000476,6.6,4.3,4.7,3.8,1.5,0.6,0.651,0.371,0.469,0.412,0.378,1.014,HYBMU.t
Mittelmann,watson_1.mtx,HYB.t,1055093,0.001355,5.2,12.9,3.1,2.2,1.4,2.1,0.232,0.393,0.325,0.162,0.174,0.391,HYBMU.t
Mittelmann,watson_2.mtx,HYB.t,1846391,0.000775,5.2,12.9,4.3,9.5,1.1,0.7,0.373,0.57,0.398,0.257,0.271,0.921,HYBMU.t
Mittelmann,cont11_l.mtx,ELL.t,5382999,0.000187,3.7,0.9,3,0,1.2,0.3,1.039,0.3,0.604,0.477,0.421,1.335,HYBMU.t
Mittelmann,cont1_l.mtx,ELL.t,7031999,0.000191,3.7,0.9,3,0,1.2,0.3,1.324,0.372,0.771,0.574,0.487,1.543,HYBMU.t
Mittelmann,fome21.mtx,CSR.t,465294,0.003174,6.9,6.2,6.5,6.2,1.2,0.8,0.128,0.136,0.095,0.12,0.108,0.316,HYBMU.t
Mittelmann,neos.mtx,ELL.t,1526794,0.000618,3.2,0.5,3.1,0.5,1,0.1,0.32,0.114,0.224,0.154,0.135,0.505,HYBMU.t
Mittelmann,neos1.mtx,HYB.t,599590,0.003414,4.6,0.9,4.5,0.9,1,0.1,0.14,0.089,0.087,0.084,0.084,0.165,HYB.t
Mittelmann,neos2.mtx,CSR.t,685087,0.003853,5.2,1.3,5.1,1.3,1,0.1,0.176,0.082,0.079,0.087,0.094,0.161,ELL.t
Mittelmann,neos3.mtx,HYB.t,2055024,0.000773,4,9,4,0.2,1,9.1,0.432,10000,1.168,0.13,0.138,0.519,HYBMU.t
Meszaros,bas1lp.mtx,ELL.t,587775,1.105608,108.6,84.3,83.1,65.1,1.6,1.4,100000,0.001,0.001,10000,100000,100000,ELL.t
Meszaros,dbic1.mtx,HYBMU.t,1081843,0.011065,25,41,11.4,33.6,3,3,0.226,0.997,0.213,0.199,0.169,0.533,HYB.t
Meszaros,dbir1.mtx,COO.t,1077025,0.125126,57.3,219.6,17.4,43.3,1.6,2.3,0.199,2.152,0.428,0.213,0.208,0.664,HYBMU.t
Meszaros,dbir2.mtx,HYBMU.t,1158159,0.133528,61.3,236.4,18.3,46.3,1.6,2.3,0.223,3.187,0.576,0.22,0.218,0.805,HYB.t
Meszaros,nemsemm1.mtx,COO.t,1053986,0.354563,267.2,426.7,12.5,9.8,18.9,28.6,0.191,4.993,0.267,0.191,0.294,0.283,COO.t
Meszaros,stat96v1.mtx,CSR.t,588798,0.049736,98.2,7.5,6.4,8.6,16.1,2.7,0.146,0.418,0.085,0.115,0.117,0.201,HYB.t
Meszaros,stat96v2.mtx,HYB.t,2852184,0.010241,98.1,18.4,6.3,18.9,16.2,2.6,0.474,2.232,0.371,0.316,0.335,0.343,HYBMU.t
Meszaros,stat96v3.mtx,CSR.t,3317736,0.008802,98,19.9,6.3,20.4,16.2,2.6,0.529,100000,0.43,0.464,0.468,0.446,HYB.t
Meszaros,stat96v4.mtx,COO.t,491336,0.245496,154.8,1101.5,2.6,26.5,82.2,64.6,0.111,100000,2.336,0.111,0.166,1.19,COO.t
Meszaros,fxm3_16.mtx,CSR.t,392252,0.011088,9.5,10.7,4.3,3.5,2.4,2.6,0.124,0.093,0.08,0.1,0.085,0.118,HYBMU.t
Meszaros,stormg2-125.mtx,ELL.t,433256,0.003796,6.5,4.3,4.7,3.8,1.5,0.6,0.116,0.068,0.073,0.075,0.094,0.149,CSR.t
Meszaros,degme.mtx,HYBMU.t,8127528,0.006644,43.8,1448.9,36.1,75.9,1.1,0.1,1.328,100000,65.283,0.62,0.613,15.041,HYB.t
Meszaros,karted.mtx,HYBMU.t,1770349,0.0286,38.1,823.7,31.7,42.9,1,0.1,0.327,100000,14.064,0.213,0.211,3.132,HYB.t
Meszaros,tp-6.mtx,HYB.t,11537419,0.007968,80.8,3594.9,55.4,187.8,1.2,0.1,1.824,100000,50.106,1.114,1.126,22.409,HYBMU.t
Meszaros,ts-palko.mtx,HYB.t,1076903,0.103622,48.9,424.4,42.8,22.9,1.1,0.2,0.204,100000,5.063,0.108,0.113,1.228,HYBMU.t
Meszaros,nsct.mtx,HYB.t,697738,0.080751,30.3,77,9.5,17.4,2,3.4,0.164,0.548,0.156,0.14,0.146,0.256,HYBMU.t
Gleich,wikipedia-20051105.mtx,HYBMU.t,19753078,0.000739,12.1,31.1,11.7,28.5,1,0.1,5.755,100000,6.892,5.509,5.371,15.989,HYB.t
UTEP,Dubcova2.mtx,ELL.t,1030225,0.024365,15.8,5.8,10.7,3.4,1.5,0.4,0.212,0.055,0.103,0.1,0.098,0.24,HYBMU.t
UTEP,Dubcova3.mtx,ELL.t,3636649,0.016901,24.8,10.2,9.4,3,2.6,0.6,0.619,0.173,0.335,0.247,0.252,0.55,HYB.t
BenElechi,BenElechi1.mtx,ELL.t,13150496,0.021753,53.5,3,3,0.1,17.9,0.9,2.033,0.505,1.203,0.505,0.506,0.547,ELL.t
Botonakis,FEM_3D_thermal1.mtx,HYB.t,430740,0.134735,24.1,4.3,8.8,0.7,2.7,0.4,0.122,0.032,0.051,0.031,0.063,0.054,ELL.t
Botonakis,FEM_3D_thermal2.mtx,ELL.t,3489300,0.015952,23.6,4.5,8.8,0.7,2.7,0.5,0.609,0.152,0.31,0.152,0.224,0.318,ELL.t
Wissgott,parabolic_fem.mtx,ELL.t,3674625,0.001329,7,0.2,5.3,1.1,1.4,0.4,0.665,0.204,0.371,0.204,0.204,0.996,ELL.t
Watson,Baumann.mtx,ELL.t,760631,0.006041,6.8,0.4,5,0.2,1.4,0.1,0.183,0.042,0.084,0.042,0.043,0.164,ELL.t
QLi,crashbasis.mtx,HYBMU.t,1750416,0.006838,10.9,0.4,5,0.1,2.2,0.1,0.332,0.086,0.159,0.086,0.084,0.243,ELL.t
QLi,majorbasis.mtx,HYB.t,1750416,0.006838,10.9,0.4,5,0.1,2.2,0.1,0.332,0.085,0.159,0.084,0.086,0.243,ELL.t
Koutsovasilis,F2.mtx,ELL.t,5294285,0.103546,74,37.5,15.8,6.5,4.7,1,0.847,0.348,0.393,0.403,0.387,0.501,HYBMU.t
Rajat,Raj1.mtx,HYB.t,1302464,0.001872,4.9,88.3,3.1,6.7,1.6,1.1,0.267,100000,7.404,0.133,0.149,0.984,HYBMU.t
Muite,Chebyshev4.mtx,HYB.t,5377761,0.115888,78.9,1061.4,43.6,155.1,12.9,737.4,0.848,100000,3.94,0.616,0.714,2.945,HYBMU.t
Quaglino,viscoplastic2.mtx,CSR.t,381326,0.035512,11.6,14,7.9,5.9,1.3,0.4,0.11,0.06,0.049,0.096,0.091,0.093,ELL.t
HVDC,hvdc2.mtx,ELL.t,1347273,0.003738,7.1,3.8,3,1.5,2.5,1,0.269,0.134,0.159,0.149,0.135,0.261,HYBMU.t
Zaoui,kkt_power.mtx,CSR.t,14612663,0.000343,7.1,7.4,7.1,7.3,1,0,5.27,100000,1.835,3.761,2.467,6.42,HYBMU.t
Mancktelow,viscorocks.mtx,BSR.t,1162244,0.081506,30.8,7.7,4.3,0.9,7.3,1.6,0.219,0.08,0.109,0.109,0.127,0.07,CSR.t
Rudnyi,water_tank.mtx,ELL.t,2035281,0.055166,33.5,12.6,14.3,6,3.1,2.7,0.373,0.123,0.191,0.165,0.174,0.24,HYB.t
McRae,ecology1.mtx,ELL.t,4996000,0.0005,5,0.1,3,0,1.7,0,0.896,0.226,0.504,0.226,0.226,0.889,ELL.t
McRae,ecology2.mtx,ELL.t,4995991,0.0005,5,0.1,3,0,1.7,0,0.921,0.226,0.503,0.226,0.226,0.888,ELL.t
Castrillon,denormal.mtx,ELL.t,1156224,0.014467,12.9,0.5,5,0.2,2.6,0.1,0.214,0.054,0.104,0.054,0.054,0.122,ELL.t
QLi,largebasis.mtx,ELL.t,5560100,0.002872,12.6,1.2,3.6,0.5,3.5,0.5,0.961,0.237,0.429,0.307,0.28,0.51,HYBMU.t
CEMW,t2em.mtx,ELL.t,4590832,0.00054,5,0.3,3,0.1,1.7,0,0.855,0.207,0.465,0.207,0.207,0.818,ELL.t
CEMW,tmt_unsym.mtx,ELL.t,4584801,0.000544,5,0.1,3,0.1,1.7,0,0.839,0.207,0.465,0.207,0.207,0.909,ELL.t
CEMW,tmt_sym.mtx,ELL.t,5080961,0.000962,7,1,3,0.1,2.3,0.3,0.888,0.259,0.465,0.316,0.316,0.762,HYB.t
Schenk,nlpkkt80.mtx,ELL.t,28704672,0.002543,27,3.7,9.8,1,2.8,0.2,4.766,1.076,2.429,1.076,1.076,2.432,ELL.t
TKK,s4dkt3m2.mtx,HYB.t,3753461,0.04588,41.5,2.7,3,0.1,13.9,0.7,0.643,0.144,0.332,0.143,0.144,0.194,ELL.t
TKK,smt.mtx,HYB.t,3753184,0.5678,146,47.5,24.8,10.5,6.9,6,0.57,0.309,0.259,0.227,0.255,0.311,HYBMU.t
TKK,engine.mtx,ELL.t,4706073,0.022831,32.8,16.9,7.7,4,4.3,0.7,0.809,0.288,0.452,0.369,0.342,0.501,HYBMU.t
TKK,cbuckle.mtx,HYBMU.t,676515,0.361445,49.4,7.8,5.1,3.3,12.2,5.2,0.14,0.384,0.13,0.092,0.086,0.146,HYB.t
TKK,cyl6.mtx,HYBMU.t,714241,0.381601,52.2,7.8,3.1,1,17.2,2.3,0.144,0.453,0.147,0.09,0.082,0.145,HYB.t
TKK,tube1.mtx,ELL.t,897056,0.194099,41.7,5.2,3.4,0.9,12.7,2.7,0.17,0.05,0.092,0.068,0.068,0.063,HYB.t
TKK,tube2.mtx,ELL.t,897056,0.194099,41.7,5.2,3.1,0.4,13.5,2.1,0.17,0.05,0.093,0.068,0.068,0.058,HYB.t
Um,2cubes_sphere.mtx,ELL.t,1647264,0.015992,16.2,2.7,15,2.8,1.1,0.1,0.295,0.127,0.158,0.16,0.165,0.618,CSR.t
JGD_Forest,TF17.mtx,CSR.t,586218,0.031613,15.4,7.6,13.7,5.9,1.1,0.2,0.138,0.094,0.081,0.091,0.081,0.258,CSR.t
JGD_Forest,TF18.mtx,HYBMU.t,1597545,0.013524,16.8,8.7,15,6.8,1.1,0.2,0.302,0.187,0.185,0.186,0.179,0.668,CSR.t
JGD_Forest,TF19.mtx,HYBMU.t,4370721,0.005703,18.1,9.8,16.4,7.8,1.1,0.2,0.78,0.474,0.503,0.451,0.413,1.855,HYB.t
JGD_GL7d,GL7d21.mtx,HYB.t,18174775,0.001536,22.1,6.1,22.1,6.1,1,0,8.677,100000,6.683,2.851,3.061,17.46,HYBMU.t
JGD_GL7d,GL7d22.mtx,HYBMU.t,8251000,0.002869,23.6,9,23.6,9,1,0,3.201,100000,2.121,0.989,0.96,7.545,HYB.t
JGD_GL7d,GL7d23.mtx,HYBMU.t,2695430,0.007342,25.7,13.5,25.6,13.5,1,0,0.611,0.483,0.4,0.334,0.321,2.456,HYB.t
JGD_GL7d,GL7d24.mtx,HYBMU.t,593892,0.026826,28.2,20.2,28.1,20,1,0,0.135,0.498,0.145,0.107,0.093,0.83,HYB.t
JGD_Groebner,c8_mat11.mtx,CSR.t,2462970,9.371432,539.9,427.7,182.1,176,2.8,1.3,0.424,0.803,0.156,0.399,0.523,0.586,HYB.t
JGD_Groebner,c8_mat11_I.mtx,CSR.t,2462970,9.371432,539.9,427.7,182.1,176,2.8,1.3,0.419,0.807,0.148,0.391,0.521,0.606,HYB.t
JGD_Groebner,HFE18_96_in.mtx,CSR.t,933343,9.606532,393.5,319.2,200.9,156.9,1.9,0.3,0.194,0.744,0.076,0.194,0.349,0.334,COO.t
JGD_Homology,ch7-8-b5.mtx,ELL.t,846720,0.004252,6,0,5.8,0.4,1,0.1,0.173,0.048,0.085,0.048,0.048,0.245,ELL.t
JGD_Homology,m133-b3.mtx,HYBMU.t,800800,0.001998,4,0,4,0.2,1,0.1,0.177,0.053,0.085,0.053,0.052,0.312,ELL.t
JGD_Homology,mk13-b5.mtx,ELL.t,810810,0.00222,6,0,5.8,0.4,1,0.1,0.198,0.053,0.086,0.053,0.053,0.284,ELL.t
JGD_Homology,n4c6-b10.mtx,ELL.t,1456422,0.005896,11,0,10.4,0.7,1.1,0.1,0.277,0.073,0.14,0.073,0.073,0.336,ELL.t
JGD_Homology,n4c6-b11.mtx,ELL.t,830820,0.009063,12,0,11.3,0.9,1.1,0.1,0.175,0.048,0.071,0.048,0.048,0.204,ELL.t
JGD_Homology,n4c6-b9.mtx,ELL.t,1865580,0.005028,10,0,9.5,0.6,1.1,0.1,0.354,0.09,0.154,0.091,0.09,0.417,ELL.t
JGD_Homology,shar_te2-b3.mtx,ELL.t,800800,0.001998,4,0,3.9,0.2,1,0.1,0.177,0.053,0.085,0.053,0.053,0.31,ELL.t
QY,case39.mtx,HYBMU.t,1042160,0.064437,25.9,316.2,4.8,15.8,5.1,53.8,0.22,100000,2.441,0.187,0.153,1.054,HYB.t
JGD_Kocay,Trec13.mtx,CSR.t,654517,7.66785,503.1,195,321.8,115.3,1.6,0.4,0.145,0.615,0.055,0.145,0.373,0.573,COO.t
JGD_Kocay,Trec14.mtx,CSR.t,2872265,5.716645,909.2,352.4,605.1,214.7,1.5,0.3,0.449,1.14,0.165,0.45,0.686,0.859,COO.t
JGD_Margulies,flower_8_4.mtx,ELL.t,375266,0.005435,6.8,2.2,6.7,2.2,1,0,0.099,0.04,0.062,0.069,0.069,0.2,CSR.t
JGD_Trefethen,Trefethen_20000b.mtx,ELL.t,554435,0.138623,27.7,1.2,23.7,1.2,1.2,0,0.126,0.034,0.06,0.079,0.079,0.071,CSR.t
JGD_Trefethen,Trefethen_20000.mtx,ELL.t,554466,0.138617,27.7,1.2,23.7,1.2,1.2,0,0.125,0.034,0.06,0.047,0.047,0.071,HYB.t
Freescale,Freescale1.mtx,ELL.t,18920347,0.000161,5.5,2.1,3.4,1.8,1.8,0.4,3.674,1.131,2.007,1.57,1.436,4.452,HYBMU.t
NYPA,Maragal_8.mtx,HYBMU.t,1308415,0.052474,39.4,221.9,28.3,154.9,1.1,0.2,0.258,100000,0.804,0.237,0.227,1.618,HYB.t
TSOPF,TSOPF_RS_b2383.mtx,BSR.t,16171169,1.112847,424.2,484.2,4.3,1.2,108.1,125.6,2.617,0.762,0.757,2.371,1.671,0.661,ELL.t
TSOPF,TSOPF_FS_b300.mtx,HYBMU.t,4400122,0.515564,150.6,676.3,5.5,9.6,23.6,63.2,0.745,100000,0.906,0.674,0.49,1.896,HYB.t
TSOPF,TSOPF_FS_b162_c1.mtx,HYBMU.t,608540,0.521918,56.4,243.8,5.2,5.8,10.3,35.3,0.156,3.143,0.644,0.141,0.136,0.368,HYB.t
TSOPF,TSOPF_FS_b162_c3.mtx,HYBMU.t,1801300,0.189907,58.5,428.1,4.9,9.4,10.5,58.4,0.346,100000,1.912,0.285,0.23,1.048,HYB.t
TSOPF,TSOPF_FS_b162_c4.mtx,HYBMU.t,2398220,0.144083,58.8,495.5,4.9,10.5,10.5,64.5,0.445,100000,2.545,0.366,0.288,1.392,HYB.t
TSOPF,TSOPF_FS_b300_c1.mtx,HYBMU.t,4400122,0.515564,150.6,676.3,5.5,9.6,23.6,63.2,0.747,100000,0.907,0.675,0.489,1.893,HYB.t
TSOPF,TSOPF_FS_b300_c2.mtx,HYBMU.t,8767466,0.271621,154.3,962.1,5.3,12.4,23.9,80.2,1.506,100000,1.796,1.279,0.872,3.949,HYB.t
TSOPF,TSOPF_FS_b300_c3.mtx,HYBMU.t,13135930,0.184345,155.6,1181.2,5.3,14.3,23.7,80.7,2.238,100000,2.713,1.919,1.3,5.903,HYB.t
TSOPF,TSOPF_FS_b39_c19.mtx,HYBMU.t,1977600,0.034044,25.9,436.2,4.7,21.8,5.1,74.2,0.352,100000,4.649,0.304,0.225,2.016,HYB.t
TSOPF,TSOPF_FS_b39_c30.mtx,HYBMU.t,3121160,0.021597,26,548.2,4.7,27.4,5.1,93.2,0.548,100000,7.329,0.448,0.337,3.254,HYB.t
TSOPF,TSOPF_FS_b39_c7.mtx,HYBMU.t,730080,0.091702,25.9,264.4,4.8,13.2,5.1,45,0.147,100000,1.718,0.143,0.107,0.744,HYB.t
TSOPF,TSOPF_RS_b162_c3.mtx,BSR.t,610299,0.258208,39.7,36.4,4,0.5,10,9.2,0.164,0.062,0.082,0.135,0.119,0.045,CSR.t
TSOPF,TSOPF_RS_b162_c4.mtx,BSR.t,812749,0.195796,39.9,36.4,4,0.5,10,9.2,0.185,0.065,0.103,0.159,0.132,0.057,CSR.t
TSOPF,TSOPF_RS_b2052_c1.mtx,BSR.t,6761100,1.02957,263.8,310.5,3.9,0.9,67.3,80.4,1.137,0.452,0.347,1.035,0.78,0.299,ELL.t
TSOPF,TSOPF_RS_b2383_c1.mtx,BSR.t,16171169,1.112847,424.2,484.2,4.3,1.2,108.1,125.6,2.621,0.76,0.757,2.371,1.673,0.661,ELL.t
TSOPF,TSOPF_RS_b300_c1.mtx,BSR.t,1474325,0.697564,101.4,102.3,4,0.5,25.6,26.1,0.281,0.148,0.118,0.255,0.23,0.075,ELL.t
TSOPF,TSOPF_RS_b300_c2.mtx,BSR.t,2943887,0.366592,103.9,102.4,4,0.4,26.1,25.9,0.509,0.161,0.216,0.448,0.347,0.134,CSR.t
TSOPF,TSOPF_RS_b300_c3.mtx,BSR.t,4413449,0.248559,104.7,102.4,4,0.3,26.3,25.9,0.81,0.192,0.319,0.672,0.456,0.19,CSR.t
TSOPF,TSOPF_RS_b39_c19.mtx,ELL.t,684206,0.047139,18,14,4,0.1,4.5,3.5,0.166,0.042,0.08,0.131,0.114,0.06,CSR.t
TSOPF,TSOPF_RS_b39_c30.mtx,ELL.t,1079986,0.029902,18,14,4,0.1,4.5,3.5,0.237,0.051,0.119,0.181,0.147,0.088,CSR.t
TSOPF,TSOPF_RS_b678_c1.mtx,BSR.t,4396289,1.257734,235.1,252.8,4.1,0.9,59.9,65.6,0.733,0.355,0.303,0.67,0.531,0.228,ELL.t
TSOPF,TSOPF_RS_b678_c2.mtx,BSR.t,8781949,0.68921,246,253.6,4.1,0.6,62.3,64.9,1.45,0.411,0.572,1.277,0.885,0.354,CSR.t
Botonakis,thermomech_TC.mtx,ELL.t,711558,0.006818,7,0.7,6.9,0.9,1,0.1,0.157,0.072,0.101,0.106,0.107,0.36,CSR.t
Botonakis,thermomech_TK.mtx,ELL.t,711558,0.006818,7,0.7,6.9,0.9,1,0.1,0.157,0.072,0.101,0.106,0.107,0.361,CSR.t
Botonakis,thermomech_dM.mtx,ELL.t,1423116,0.003409,7,0.7,7,0.7,1,0,0.284,0.094,0.159,0.118,0.118,0.4,HYB.t
Botonakis,thermomech_dK.mtx,ELL.t,2846228,0.006818,13.9,1.4,6.9,0.9,2,0.2,0.523,0.165,0.241,0.188,0.187,0.4,HYBMU.t
Buss,12month1.mtx,HYB.t,22624727,0.207901,1814.2,4554.4,1333.8,2720.3,1.2,1.9,3.408,100000,3.615,3.26,3.59,18.167,COO.t
Bourchtein,atmosmodd.mtx,ELL.t,8814880,0.000546,6.9,0.2,5,0.2,1.4,0,1.549,0.369,0.818,0.369,0.37,1.358,ELL.t
Bourchtein,atmosmodj.mtx,ELL.t,8814880,0.000546,6.9,0.2,5,0.2,1.4,0,1.547,0.368,0.818,0.37,0.368,1.36,ELL.t
Bourchtein,atmosmodl.mtx,ELL.t,10319760,0.000465,6.9,0.3,4.9,0.2,1.4,0,1.822,0.441,0.965,0.442,0.442,1.901,HYB.t
Bourchtein,atmosmodm.mtx,ELL.t,10319760,0.000465,6.9,0.3,4.9,0.2,1.4,0,1.82,0.441,0.967,0.441,0.441,1.901,ELL.t
Freescale,memchip.mtx,ELL.t,14810202,0.000202,5.5,2.1,3,1.5,1.9,0.4,2.808,0.843,1.542,1.183,1.068,3.188,HYBMU.t
Freescale,transient.mtx,HYBMU.t,961790,0.003006,5.4,147.2,3.6,11.5,1.4,0.2,0.227,100000,11.211,0.142,0.132,2.187,HYB.t
Freescale,circuit5M_dc.mtx,ELL.t,19194193,0.000155,5.4,2.1,3,1.5,1.9,0.4,3.618,1.14,2.042,1.565,1.403,4.189,HYBMU.t
Belcastro,human_gene1.mtx,CSR.t,24669643,4.968388,1107.1,1409.1,840.1,903.3,1.2,0.2,3.604,100000,1.861,3.083,2.895,5.961,HYBMU.t
Belcastro,human_gene2.mtx,CSR.t,18068388,8.786605,1260,1375.1,908.9,822.2,1.2,0.2,2.59,100000,1.306,2.164,2.085,3.597,HYBMU.t
Belcastro,mouse_gene.mtx,CSR.t,28967291,1.424084,642.3,856.7,571.8,726.9,1.1,0.3,4.195,100000,2.4,3.902,3.737,9.883,HYBMU.t
Um,offshore.mtx,ELL.t,4242673,0.006286,16.3,2.8,15.8,2.8,1,0.1,0.759,0.322,0.397,0.375,0.372,1.817,HYBMU.t
SNAP,soc-Epinions1.mtx,COO.t,508837,0.008836,6.7,26,6.1,21.1,0.8,0.3,0.132,100000,0.348,0.138,0.137,0.474,HYBMU.t
SNAP,soc-Slashdot0811.mtx,HYB.t,905468,0.01513,11.7,36.8,10.8,29.7,1,0.8,0.215,100000,0.489,0.187,0.189,0.694,HYBMU.t
SNAP,soc-Slashdot0902.mtx,HYBMU.t,948464,0.014048,11.5,36.9,10.6,29.4,1,0.8,0.209,100000,0.497,0.212,0.186,0.722,COO.t
SNAP,email-EuAll.mtx,HYBMU.t,420045,0.000597,1.6,10,1.5,9.4,0.9,0.2,0.132,100000,0.204,0.104,0.09,0.445,HYB.t
SNAP,email-Enron.mtx,HYB.t,367662,0.027309,10,36.1,8.1,22.7,1.2,0.6,0.11,0.881,0.282,0.085,0.095,0.334,HYBMU.t
SNAP,wiki-Talk.mtx,HYBMU.t,5021410,0.000088,2.1,99.9,1.9,87.8,0.1,0.2,1.925,100000,19.722,1.921,1.845,7.527,HYB.t
SNAP,cit-HepPh.mtx,HYBMU.t,421578,0.035325,12.2,15.2,12.1,14.7,0.9,0.1,0.112,0.293,0.105,0.113,0.092,0.341,CSR.t
SNAP,cit-HepTh.mtx,HYBMU.t,352807,0.045749,12.7,16,12.6,15.1,0.9,0.1,0.098,0.368,0.154,0.077,0.073,0.415,HYB.t
SNAP,cit-Patents.mtx,HYBMU.t,16518948,0.000116,4.4,7.8,4.3,7.1,0.6,0.3,9.343,100000,8.797,8.932,8.516,16.147,CSR.t
SNAP,ca-AstroPh.mtx,HYBMU.t,396160,0.112422,21.1,30.6,20.8,29.8,1,0,0.094,0.327,0.101,0.09,0.087,0.418,HYB.t
SNAP,web-BerkStan.mtx,HYBMU.t,7600595,0.001619,11.1,16.4,8.4,11.9,1.4,2.2,1.324,100000,0.995,0.964,0.841,1.518,HYB.t
SNAP,web-Google.mtx,HYBMU.t,5105039,0.000608,5.6,6.6,5.6,6.1,0.8,0.2,1.957,100000,1.974,1.626,1.596,4.567,HYB.t
SNAP,web-NotreDame.mtx,HYBMU.t,1497134,0.001411,4.6,21.5,1.8,3.5,1,6.2,0.305,100000,0.794,0.305,0.269,0.595,COO.t
SNAP,web-Stanford.mtx,HYB.t,2312497,0.00291,8.2,11.3,8.2,11.3,1,0,0.464,0.852,0.561,0.348,0.355,1.876,HYBMU.t
SNAP,amazon0302.mtx,ELL.t,1234877,0.001797,4.7,1,3.8,1.1,1.4,0.6,0.286,0.1,0.162,0.1,0.1,0.542,ELL.t
SNAP,amazon0312.mtx,ELL.t,3200440,0.001993,8,3.1,6.1,2.5,1.4,0.6,0.68,0.287,0.408,0.287,0.401,1.365,ELL.t
SNAP,amazon0505.mtx,HYB.t,3356824,0.001995,8.2,3.1,6.2,2.5,1.4,0.7,0.712,0.297,0.433,0.296,0.402,1.408,ELL.t
SNAP,amazon0601.mtx,ELL.t,3387388,0.002082,8.4,2.8,6.4,2.5,1.4,0.7,0.713,0.295,0.43,0.296,0.381,1.411,HYB.t
SNAP,roadNet-CA.mtx,ELL.t,5533214,0.000142,2.8,1,2.6,1,1.1,0.2,1.276,0.413,1.139,0.545,0.546,2.37,HYB.t
SNAP,roadNet-PA.mtx,ELL.t,3083796,0.000259,2.8,1,2.6,1,1.1,0.2,0.723,0.233,0.635,0.317,0.317,1.335,HYB.t
SNAP,roadNet-TX.mtx,ELL.t,3843320,0.000198,2.8,1,2.5,1,1.1,0.2,0.896,0.293,0.802,0.393,0.392,1.693,HYBMU.t
SNAP,as-Skitter.mtx,HYB.t,22190596,0.000771,13.1,136.9,9.3,40.1,1.2,0.8,4.819,100000,9.136,4.046,100000,8.856,COO.t
SNAP,soc-sign-epinions.mtx,HYB.t,841372,0.004841,6.4,32.9,5.8,27.8,0.8,0.3,0.209,100000,0.614,0.177,0.19,0.888,HYBMU.t
SNAP,soc-sign-Slashdot081106.mtx,HYB.t,516575,0.008632,6.7,23.7,5.9,19.4,0.6,0.4,0.156,0.316,0.179,0.132,0.136,0.455,HYBMU.t
SNAP,soc-sign-Slashdot090216.mtx,HYB.t,545671,0.008141,6.7,23.5,5.9,19.2,0.6,0.4,0.14,0.323,0.187,0.135,0.153,0.492,COO.t
SNAP,soc-sign-Slashdot090221.mtx,HYBMU.t,549202,0.008139,6.7,23.6,5.9,19.3,0.6,0.5,0.149,0.321,0.187,0.136,0.135,0.495,HYB.t
Dziekonski,gsm_106857.mtx,ELL.t,21758924,0.006263,36.9,15.6,29.1,10.8,1.3,0.2,4.502,1.505,2.848,1.858,1.792,7.876,HYBMU.t
Gleich,flickr.mtx,HYB.t,9837214,0.00146,12,87.7,10.8,74.5,0.8,0.8,1.908,100000,3.07,1.817,1.828,5.702,HYBMU.t
Fluorem,GT01R.mtx,BSR.t,430909,0.676674,54,11.2,6.9,2.2,8.5,2.9,0.126,0.069,0.062,0.098,0.097,0.044,ELL.t
Fluorem,PR02R.mtx,ELL.t,8185136,0.03155,50.8,19.7,18.3,3.7,2.7,0.8,1.314,0.423,0.77,0.439,0.584,0.567,HYB.t
Fluorem,RM07R.mtx,HYB.t,37464962,0.025716,98.2,68.7,20,13.4,3.8,1.8,5.788,100000,2.75,2.514,3.149,3.046,CSR.t
Williams,pdb1HYS.mtx,BSR.t,4344765,0.327611,119.3,31.9,9.7,3.8,13.6,5.1,0.693,0.28,0.291,0.31,0.321,0.237,CSR.t
Williams,consph.mtx,ELL.t,6010480,0.08655,72.1,19.1,10.3,3.9,7.4,2.6,0.955,0.246,0.405,0.247,0.336,0.362,HYB.t
Williams,cant.mtx,ELL.t,4007383,0.10275,64.2,14.1,12.3,2.9,5.3,0.9,0.655,0.211,0.414,0.239,0.282,0.24,HYB.t
Williams,mac_econ_fwd500.mtx,HYBMU.t,1273389,0.002986,6.2,4.4,5.6,4.6,1.2,0.4,0.261,0.198,0.224,0.181,0.164,0.585,HYB.t
Williams,mc2depi.mtx,ELL.t,2100225,0.00076,4,0.1,3,0,1.3,0,0.411,0.105,0.258,0.105,0.106,0.472,ELL.t
Williams,cop20k_A.mtx,ELL.t,2624331,0.017868,21.7,13.8,9.8,4.6,1.9,0.8,0.464,0.156,0.258,0.227,0.25,0.423,HYB.t
Williams,webbase-1M.mtx,HYBMU.t,3105536,0.000311,3.1,25.3,2.6,20.6,1.1,0.7,0.604,100000,0.961,0.362,0.344,1.166,HYB.t
Freescale,FullChip.mtx,HYBMU.t,26621990,0.000298,8.9,1806.8,5.5,315.9,1.4,0.4,4.631,100000,486.044,2.652,2.503,55.411,HYB.t
Dattorro,EternityII_E.mtx,HYB.t,1503732,0.051786,135.8,582.9,86.3,66.6,24.7,153.7,0.284,100000,3.091,0.194,0.208,1.97,HYBMU.t
Dattorro,EternityII_Etilde.mtx,CSR.t,1170516,0.056985,116.4,172.5,78.1,36.8,21.4,125.6,0.236,0.651,0.135,0.183,0.181,0.95,HYBMU.t
Dattorro,EternityII_A.mtx,CSR.t,782087,0.070522,106.2,129.1,76.3,26.5,21.5,121.4,0.16,0.508,0.102,0.151,0.137,0.826,HYBMU.t
Newman,cond-mat-2005.mtx,CSR.t,351386,0.021507,8.7,12.7,6.5,9.2,1.4,0.6,0.117,0.195,0.073,0.098,0.1,0.173,HYB.t
AG-Monien,brack2.mtx,ELL.t,733118,0.018689,11.7,4.9,8.2,3,1.4,0.4,0.179,0.068,0.082,0.123,0.094,0.172,CSR.t
AG-Monien,wave.mtx,ELL.t,2118662,0.008671,13.6,3.3,9.6,2.5,1.5,0.4,0.384,0.133,0.192,0.161,0.162,0.425,HYB.t
AG-Monien,debr.mtx,ELL.t,4194298,0.000381,4,0,3,0,1.3,0,0.834,0.228,0.484,0.228,0.228,0.762,ELL.t
LAW,cnr-2000.mtx,HYBMU.t,3216152,0.003034,9.9,20.5,3.1,5,2.5,6.2,0.602,100000,0.839,0.516,0.423,0.663,HYB.t
LAW,in-2004.mtx,HYBMU.t,16917053,0.000885,12.2,37.2,3,6,3.7,11,2.953,100000,2.468,2.344,2.018,2.362,HYB.t
LAW,eu-2005.mtx,HYBMU.t,19235140,0.002585,22.3,29.3,7.5,10.7,3.3,6,3.238,100000,2.312,2.138,1.913,2.957,HYB.t
LAW,amazon-2008.mtx,ELL.t,5158388,0.000954,7,3.9,4.8,2.6,1.4,0.8,1,0.463,0.688,0.463,0.615,1.577,ELL.t
LAW,dblp-2010.mtx,HYBMU.t,1615400,0.001518,5,7.7,2.8,3.8,1.6,1.5,0.337,0.436,0.337,0.258,0.241,0.53,HYB.t
DIMACS10,caidaRouterLevel.mtx,HYBMU.t,1218132,0.003296,6.3,14.1,6,12.8,1,0.1,0.273,100000,0.267,0.237,0.214,0.83,HYB.t
DIMACS10,citationCiteseer.mtx,HYBMU.t,2313294,0.003209,8.6,16.3,8.6,16.3,1,0,0.459,100000,0.733,0.367,0.356,2.093,HYB.t
DIMACS10,coAuthorsCiteseer.mtx,HYBMU.t,1628268,0.003151,7.2,10.6,4.3,5.4,1.7,1.7,0.337,100000,0.309,0.256,0.249,0.55,HYB.t
DIMACS10,coAuthorsDBLP.mtx,HYBMU.t,1955352,0.002186,6.5,9.8,4.6,6.5,1.5,1.3,0.423,100000,0.394,0.314,0.302,0.87,HYB.t
DIMACS10,coPapersCiteseer.mtx,CSR.t,32073440,0.01702,73.9,101.3,21.8,29,5.8,15.6,5.278,100000,2.64,3.891,3.36,3.514,HYBMU.t
DIMACS10,coPapersDBLP.mtx,HYBMU.t,30491458,0.010438,56.4,66.2,21.2,25.6,3.5,5.1,5.195,100000,3.894,3.701,3.276,4.579,HYB.t
DIMACS10,delaunay_n16.mtx,ELL.t,393150,0.009154,6,1.4,4.5,1.2,1.4,0.4,0.125,0.043,0.055,0.079,0.079,0.111,CSR.t
DIMACS10,delaunay_n17.mtx,ELL.t,786352,0.004577,6,1.3,4.5,1.2,1.4,0.4,0.179,0.068,0.098,0.088,0.088,0.213,HYB.t
DIMACS10,delaunay_n18.mtx,ELL.t,1572792,0.002289,6,1.3,4.5,1.2,1.4,0.4,0.325,0.124,0.184,0.142,0.141,0.408,HYBMU.t
DIMACS10,delaunay_n19.mtx,ELL.t,3145646,0.001144,6,1.3,4.5,1.2,1.4,0.4,0.588,0.233,0.355,0.258,0.259,0.814,HYB.t
DIMACS10,delaunay_n20.mtx,ELL.t,6291372,0.000572,6,1.3,4.5,1.2,1.4,0.4,1.147,0.48,0.698,0.516,0.514,1.599,HYBMU.t
DIMACS10,delaunay_n21.mtx,ELL.t,12582816,0.000286,6,1.3,4.5,1.2,1.4,0.4,2.234,0.953,1.384,1.011,1.011,3.211,HYB.t
DIMACS10,delaunay_n22.mtx,ELL.t,25165738,0.000143,6,1.3,4.5,1.2,1.4,0.4,4.647,1.904,2.759,1.982,1.984,6.35,HYB.t
DIMACS10,hugetrace-00000.mtx,HYB.t,13758266,0.000065,3,0,3,0.1,1,0,3.771,1.615,2.183,1.614,1.614,5.404,HYB.t
DIMACS10,hugetric-00000.mtx,HYB.t,17467046,0.000051,3,0,3,0.1,1,0,4.628,1.806,2.635,1.801,1.805,6.758,HYBMU.t
DIMACS10,hugetric-00010.mtx,HYB.t,19771708,0.000045,3,0,3,0.2,1,0.1,7.345,4.515,4.578,4.513,4.515,9.941,ELL.t
DIMACS10,hugetric-00020.mtx,HYB.t,21361554,0.000042,3,0,3,0.2,1,0.1,7.905,4.922,4.997,4.919,10000,10.748,ELL.t
DIMACS10,kron_g500-logn16.mtx,HYB.t,4912469,0.114377,75,312.5,73.3,287.5,0.8,0.1,0.776,100000,1.416,0.745,0.768,3.08,HYBMU.t
DIMACS10,kron_g500-logn17.mtx,HYB.t,10228360,0.059537,78,378.1,76.9,354.9,0.8,0.2,1.543,100000,3.341,1.508,1.552,7.207,COO.t
DIMACS10,kron_g500-logn18.mtx,HYB.t,21165908,0.0308,80.7,453.7,79.9,432.6,0.8,0.2,3.254,100000,5.234,3.186,3.334,14.13,COO.t
DIMACS10,adaptive.mtx,HYB.t,27248640,0.000059,4,0,4,0,1,0,5.517,10000,2.943,1.667,1.669,6.416,HYBMU.t
DIMACS10,packing-500x100x100-b050.mtx,ELL.t,34976486,0.00076,16.3,2.8,9.4,1.4,1.7,0.1,5.911,1.432,2.871,1.433,1.712,5.019,HYB.t
DIMACS10,venturiLevel3.mtx,HYB.t,16108474,0.000099,4,0.1,4,0.1,1,0,3.212,0.935,1.883,0.91,0.982,4.982,ELL.t
DIMACS10,rgg_n_2_16_s0.mtx,ELL.t,684254,0.015932,10.4,3.2,10.2,3.1,1,0.1,0.173,0.063,0.085,0.11,0.085,0.311,CSR.t
DIMACS10,rgg_n_2_17_s0.mtx,ELL.t,1457506,0.008484,11.1,3.3,10.9,3.3,1,0,0.272,0.113,0.164,0.143,0.145,0.674,HYB.t
DIMACS10,rgg_n_2_18_s0.mtx,ELL.t,3094566,0.004503,11.8,3.4,11.7,3.4,1,0,0.565,0.22,0.341,0.275,0.277,1.467,HYB.t
DIMACS10,rgg_n_2_19_s0.mtx,ELL.t,6539532,0.002379,12.5,3.5,12.4,3.5,1,0,1.735,0.468,0.695,0.584,0.55,3.193,HYBMU.t
DIMACS10,rgg_n_2_20_s0.mtx,ELL.t,13783240,0.001254,13.1,3.6,13.1,3.6,1,0,5.312,1.024,1.469,1.292,1.182,6.91,HYBMU.t
DIMACS10,asia_osm.mtx,HYBMU.t,25423206,0.000018,2.1,0.5,2.1,0.4,1,0.1,5.22,100000,4.88,2.484,2.27,10.175,HYB.t
DIMACS10,belgium_osm.mtx,ELL.t,3099940,0.000149,2.2,0.5,2.1,0.5,1,0.1,0.69,0.321,0.62,0.367,0.325,1.364,HYBMU.t
DIMACS10,germany_osm.mtx,HYB.t,24738362,0.000019,2.1,0.5,2.1,0.5,1,0.1,5.938,100000,5.043,3.245,100000,10.976,CSR.t
DIMACS10,great-britain_osm.mtx,HYBMU.t,16313034,0.000027,2.1,0.5,2.1,0.5,1,0.1,3.596,1.68,3.133,1.978,1.654,7.121,ELL.t
DIMACS10,italy_osm.mtx,ELL.t,14027956,0.000031,2.1,0.4,2.1,0.4,1,0.1,2.881,1.253,2.634,1.384,1.264,5.639,HYBMU.t
DIMACS10,netherlands_osm.mtx,ELL.t,4882476,0.000099,2.2,0.6,2.2,0.6,1,0.1,1.088,0.462,0.994,0.58,0.491,2.328,HYBMU.t
DIMACS10,144.mtx,ELL.t,2148786,0.01027,14.9,2.7,12.8,2.7,1.2,0.2,0.399,0.183,0.227,0.243,0.244,0.93,CSR.t
DIMACS10,598a.mtx,ELL.t,1483868,0.01205,13.4,2.9,12.8,3.2,1.1,0.1,0.3,0.136,0.169,0.186,0.186,0.789,CSR.t
DIMACS10,auto.mtx,ELL.t,6629222,0.003293,14.8,2.7,13.1,3,1.2,0.3,1.581,0.53,0.676,0.603,0.601,3.494,HYBMU.t
DIMACS10,fe_ocean.mtx,ELL.t,819186,0.003982,5.7,0.7,5.7,0.7,1,0,0.188,0.046,0.096,0.046,0.046,0.199,ELL.t
DIMACS10,fe_rotor.mtx,ELL.t,1324862,0.013351,13.3,3.9,9.7,3.5,1.4,0.3,0.271,0.118,0.133,0.136,0.15,0.397,CSR.t
DIMACS10,fe_tooth.mtx,ELL.t,905182,0.014826,11.6,5,8.1,3,1.4,0.3,0.208,0.076,0.099,0.122,0.121,0.21,CSR.t
DIMACS10,m14b.mtx,ELL.t,3358036,0.00728,15.6,3.1,12.1,3,1.4,0.5,0.605,0.264,0.335,0.339,0.339,1.286,CSR.t
IPSO,HTC_336_4438.mtx,HYBMU.t,904522,0.001766,4,34.3,3.5,4.3,1.1,7.3,0.208,100000,1.608,0.14,0.122,0.646,HYB.t
IPSO,HTC_336_9129.mtx,HYB.t,883422,0.001724,3.9,31.9,3.5,4.9,1.1,7.3,0.222,100000,1.586,0.126,0.136,0.628,HYBMU.t
IPSO,OPF_10000.mtx,CSR.t,467711,0.024283,10.7,6,3.5,1.6,3.2,1.4,0.142,0.065,0.064,0.087,0.075,0.095,ELL.t
IPSO,TSC_OPF_1047.mtx,CSR.t,2016902,3.043939,247.8,323.6,6.7,4.4,84.9,114.3,0.357,0.944,0.169,0.365,0.381,0.236,COO.t
IPSO,TSC_OPF_300.mtx,HYB.t,820804,0.859201,84,193,4.1,9.6,28.7,30.5,0.166,2.597,0.275,0.113,0.113,0.394,HYB.t
Janna,Emilia_923.mtx,HYBMU.t,41005206,0.004812,44.4,3.7,10.2,2.4,4.6,1.2,6.587,1.649,3.568,1.623,1.622,3.418,HYB.t
Janna,Fault_639.mtx,HYBMU.t,28614564,0.007012,44.8,5.2,9.4,2.1,5,1.1,4.536,100000,2.518,1.261,1.26,2.31,HYB.t
Janna,StocF-1465.mtx,HYB.t,21005389,0.000979,14.3,2.6,9.2,2.6,1.6,0.4,3.607,100000,1.694,0.962,0.962,4.102,HYB.t
CPM,cz40948.mtx,ELL.t,412148,0.02458,10.1,7.2,3.5,0.8,2.6,1.3,0.124,0.053,0.058,0.096,0.099,0.083,CSR.t
Bodendiek,CurlCurl_1.mtx,ELL.t,2472071,0.004821,10.9,1,7,0.9,1.6,0.2,0.444,0.121,0.212,0.152,0.152,0.453,HYB.t
Bodendiek,CurlCurl_2.mtx,ELL.t,8921789,0.001372,11.1,0.9,7.1,0.9,1.6,0.2,1.537,0.402,0.736,0.425,0.437,1.621,HYB.t
Bodendiek,CurlCurl_3.mtx,ELL.t,13544618,0.000911,11.1,0.9,7.1,0.8,1.6,0.2,2.289,0.6,1.102,0.635,0.648,2.43,HYB.t
Bodendiek,CurlCurl_4.mtx,ELL.t,26515867,0.000468,11.1,0.9,7.2,0.8,1.6,0.2,4.515,1.228,2.147,1.265,1.32,4.906,HYB.t
DIMACS10,G_n_pin_pout.mtx,ELL.t,1002396,0.010024,10,3.2,9.9,3.1,1,0,0.224,0.111,0.139,0.136,0.131,0.575,HYBMU.t
DIMACS10,preferentialAttachment.mtx,HYB.t,999970,0.01,10,15.5,10,15.4,1,0,0.202,0.691,0.314,0.16,0.172,1.279,HYBMU.t
DIMACS10,smallworld.mtx,ELL.t,999996,0.01,10,1.3,4.9,1.7,2.3,0.9,0.222,0.072,0.099,0.114,0.114,0.206,CSR.t
DIMACS10,333SP.mtx,CSR.t,22217266,0.000161,6,0.7,4.7,1,1.3,0.2,6.121,100000,4.38,4.836,4.835,8.943,HYBMU.t
DIMACS10,AS365.mtx,CSR.t,22736152,0.000158,6,0.9,5,1,1.2,0.2,8.396,8.267,6.632,8.303,8.3,12.335,ELL.t
DIMACS10,M6.mtx,CSR.t,21003872,0.000171,6,0.8,5,1,1.2,0.2,7.606,7.803,6.219,7.803,7.802,11.426,COO.t
DIMACS10,NACA0015.mtx,CSR.t,6229636,0.000577,6,0.9,5,1,1.2,0.2,1.93,1.585,1.324,1.593,1.591,3.223,ELL.t
DIMACS10,NLR.mtx,CSR.t,24975952,0.000144,6,0.8,5,1,1.2,0.2,9.163,9.379,7.517,9.396,9.394,13.557,COO.t
DIMACS10,al2010.mtx,HYB.t,1230482,0.001934,4.9,3.1,4.7,2.8,1,0.1,0.273,0.188,0.224,0.175,0.182,0.694,HYBMU.t
DIMACS10,ar2010.mtx,ELL.t,904310,0.002608,4.9,2.9,4.6,2.6,1.1,0.1,0.211,0.136,0.165,0.148,0.144,0.474,HYBMU.t
DIMACS10,az2010.mtx,HYBMU.t,1196094,0.002048,4.9,3.6,4.7,3.2,1.1,0.1,0.278,0.204,0.225,0.192,0.174,0.672,HYB.t
DIMACS10,ca2010.mtx,HYBMU.t,3489366,0.000692,4.9,2.9,4.7,2.6,1,0.1,1.139,100000,0.584,0.531,0.464,1.864,HYB.t
DIMACS10,co2010.mtx,HYBMU.t,974574,0.002411,4.8,3.3,4.6,3,1,0.1,0.217,0.183,0.183,0.158,0.157,0.547,HYB.t
DIMACS10,fl2010.mtx,HYBMU.t,2346294,0.001,4.8,3.5,4.6,3.1,1,0.1,0.679,0.373,0.428,0.356,0.329,1.304,HYB.t
DIMACS10,ga2010.mtx,HYBMU.t,1418056,0.001674,4.9,3,4.7,2.7,1,0.1,0.313,0.207,0.249,0.212,0.201,0.77,ELL.t
DIMACS10,ia2010.mtx,ELL.t,1021170,0.002189,4.7,2.2,4.5,2,1.1,0.1,0.23,0.139,0.174,0.158,0.143,0.504,HYBMU.t
DIMACS10,id2010.mtx,HYBMU.t,728264,0.003244,4.9,3.7,4.6,3.3,1,0.1,0.167,0.177,0.151,0.123,0.114,0.432,HYB.t
DIMACS10,il2010.mtx,HYBMU.t,2164464,0.001062,4.8,2.3,4.6,2.1,1.1,0.1,0.565,0.272,0.348,0.282,0.27,1.103,ELL.t
DIMACS10,in2010.mtx,HYB.t,1281716,0.001797,4.8,2.5,4.6,2.3,1.1,0.1,0.289,0.179,0.22,0.17,0.171,0.662,HYBMU.t
DIMACS10,ks2010.mtx,HYBMU.t,1121798,0.00197,4.7,2.4,4.5,2.2,1.1,0.1,0.24,0.153,0.192,0.149,0.147,0.567,HYB.t
DIMACS10,ky2010.mtx,HYB.t,787778,0.003014,4.9,3.1,4.7,2.8,1,0.1,0.173,0.131,0.148,0.126,0.135,0.433,ELL.t
DIMACS10,la2010.mtx,HYB.t,980634,0.002346,4.8,3.4,4.6,2.7,1.1,0.1,0.229,100000,0.234,0.151,0.159,0.549,HYBMU.t
DIMACS10,ma2010.mtx,ELL.t,776610,0.00313,4.9,3.1,4.7,2.8,1,0.1,0.17,0.131,0.146,0.132,0.139,0.427,HYB.t
DIMACS10,md2010.mtx,HYBMU.t,700378,0.00332,4.8,3.3,4.6,3,1,0.1,0.178,0.13,0.135,0.14,0.124,0.4,ELL.t
DIMACS10,mi2010.mtx,HYBMU.t,1578090,0.00145,4.8,2.6,4.5,2.4,1.1,0.1,0.358,0.209,0.269,0.221,0.202,0.795,ELL.t
DIMACS10,mn2010.mtx,HYB.t,1227102,0.001818,4.7,2.8,4.5,2.4,1.1,0.1,0.284,0.273,0.215,0.164,0.165,0.617,HYBMU.t
DIMACS10,mo2010.mtx,HYBMU.t,1656568,0.001403,4.8,2.9,4.6,2.6,1,0.1,0.407,0.247,0.292,0.244,0.223,0.874,HYB.t
DIMACS10,ms2010.mtx,HYB.t,839980,0.002847,4.9,2.9,4.7,2.6,1,0.1,0.19,0.129,0.154,0.127,0.141,0.453,ELL.t
DIMACS10,mt2010.mtx,HYBMU.t,638668,0.00365,4.8,3.6,4.6,3.1,1,0.1,0.153,0.145,0.128,0.115,0.103,0.361,HYB.t
DIMACS10,nc2010.mtx,HYB.t,1416620,0.001696,4.9,3.1,4.7,2.8,1,0.1,0.314,0.229,0.26,0.207,0.209,0.767,HYBMU.t
DIMACS10,nd2010.mtx,ELL.t,625946,0.003498,4.7,2.6,4.4,2.3,1.1,0.1,0.166,0.102,0.12,0.118,0.123,0.323,HYB.t
DIMACS10,ne2010.mtx,ELL.t,913854,0.002444,4.7,2.5,4.5,2.2,1.1,0.1,0.219,0.13,0.161,0.147,0.137,0.466,HYBMU.t
DIMACS10,nj2010.mtx,ELL.t,829912,0.002886,4.9,2.7,4.6,2.4,1.1,0.1,0.198,0.125,0.146,0.143,0.136,0.427,HYBMU.t
DIMACS10,nm2010.mtx,HYBMU.t,830970,0.002923,4.9,3.4,4.7,3,1,0.1,0.201,0.205,0.161,0.154,0.133,0.477,HYB.t
DIMACS10,nv2010.mtx,HYBMU.t,416998,0.005835,4.9,3.6,4.7,3.1,1.1,0.1,0.111,0.109,0.09,0.108,0.08,0.251,CSR.t
DIMACS10,ny2010.mtx,HYBMU.t,1709544,0.001394,4.9,2.5,4.6,2.3,1.1,0.1,0.407,0.221,0.282,0.245,0.209,0.865,ELL.t
DIMACS10,oh2010.mtx,HYBMU.t,1768240,0.001325,4.8,2.7,4.6,2.4,1.1,0.1,0.437,0.226,0.299,0.253,0.212,0.902,ELL.t
DIMACS10,ok2010.mtx,HYBMU.t,1274148,0.001759,4.7,2.9,4.5,2.7,1,0.1,0.275,0.187,0.229,0.186,0.174,0.705,HYB.t
DIMACS10,or2010.mtx,HYB.t,979512,0.002534,5,3.4,4.8,3,1,0.1,0.226,0.171,0.182,0.162,0.163,0.548,HYBMU.t
DIMACS10,pa2010.mtx,ELL.t,2058462,0.001158,4.9,2.6,4.6,2.4,1.1,0.1,0.534,0.265,0.341,0.29,0.269,1.033,HYBMU.t
DIMACS10,sc2010.mtx,HYBMU.t,893160,0.002699,4.9,3,4.7,2.8,1,0.1,0.196,0.139,0.164,0.139,0.13,0.495,ELL.t
DIMACS10,sd2010.mtx,CSR.t,410722,0.005261,4.6,2.4,4.4,2.1,1.1,0.2,0.107,0.084,0.081,0.083,0.099,0.211,HYB.t
DIMACS10,tn2010.mtx,HYBMU.t,1193966,0.002071,5,3,4.7,2.7,1,0.1,0.259,0.201,0.212,0.182,0.174,0.626,HYB.t
DIMACS10,tx2010.mtx,HYBMU.t,4456272,0.000533,4.9,3,4.6,2.7,1.1,0.1,1.495,100000,0.755,0.691,0.596,2.353,HYB.t
DIMACS10,ut2010.mtx,HYB.t,572066,0.004295,5,3.8,4.7,3.4,1,0.1,0.133,0.188,0.121,0.108,0.117,0.346,HYBMU.t
DIMACS10,va2010.mtx,HYB.t,1402128,0.001717,4.9,3.4,4.7,3.1,1,0.1,0.315,0.22,0.258,0.196,0.205,0.792,HYBMU.t
DIMACS10,wa2010.mtx,HYBMU.t,947432,0.002477,4.8,2.9,4.6,2.7,1,0.1,0.204,0.16,0.174,0.147,0.137,0.53,HYB.t
DIMACS10,wi2010.mtx,HYBMU.t,1209404,0.001888,4.8,2.6,4.5,2.4,1.1,0.1,0.279,0.17,0.211,0.179,0.156,0.614,ELL.t
DIMACS10,wv2010.mtx,HYBMU.t,662922,0.003626,4.9,3.7,4.7,3.4,1,0.1,0.157,0.14,0.139,0.125,0.119,0.403,HYB.t
DIMACS10,wy2010.mtx,HYBMU.t,427586,0.005754,5,3.5,4.7,3.1,1.1,0.1,0.111,0.142,0.101,0.098,0.087,0.271,HYB.t
DIMACS10,vsp_bcsstk30_500sep_10in_1Kout.mtx,CSR.t,4033156,0.118466,69.1,32.2,69,32.1,1,0,0.646,0.51,0.379,0.459,0.458,2.424,HYBMU.t
DIMACS10,vsp_bump2_e18_aa01_model1_crew1.mtx,HYB.t,601602,0.018887,10.7,21.4,9.6,18.9,1,0.2,0.135,0.421,0.213,0.112,0.115,0.703,HYBMU.t
DIMACS10,vsp_c-60_data_cti_cs4.mtx,HYB.t,482160,0.006545,5.6,10.3,4.3,3.2,1.3,3.9,0.133,100000,0.426,0.103,0.109,0.157,HYBMU.t
DIMACS10,vsp_finan512_scagr7-2c_rlfddd.mtx,HYB.t,1104040,0.005653,7.9,15.2,6.1,6.2,1.2,0.4,0.228,0.53,0.271,0.153,0.166,0.585,HYBMU.t
DIMACS10,vsp_mod2_pgp2_slptsk.mtx,HYB.t,778736,0.007579,7.7,20,6.5,16.4,1.1,1.6,0.179,100000,0.439,0.136,0.147,0.831,HYBMU.t
DIMACS10,vsp_model1_crew1_cr42_south31.mtx,HYBMU.t,379952,0.018679,8.4,121.5,6.7,21.5,1.1,2.3,0.114,100000,3.316,0.101,0.1,0.907,HYB.t
DIMACS10,vsp_msc10848_300sep_100in_1Kout.mtx,CSR.t,2442056,0.504741,111,49.3,110.3,48.4,1,0,0.401,0.568,0.24,0.291,0.285,1.476,HYBMU.t
DIMACS10,vsp_south31_slptsk.mtx,HYBMU.t,379828,0.024138,9.6,130.5,7.3,23.9,1.1,2.5,0.115,100000,3.195,0.108,0.083,0.835,HYB.t
DIMACS10,vsp_vibrobox_scagr7-2c_rlfddd.mtx,HYBMU.t,871172,0.014569,11.3,21.2,9.1,10.6,1.1,0.5,0.182,0.475,0.23,0.167,0.154,0.465,HYB.t
Janna,CoupCons3D.mtx,BSR.t,22322336,0.012849,53.6,8.7,7.4,2.2,7.7,1.6,3.487,0.932,2.058,0.964,1.113,0.757,HYB.t
Janna,ML_Laplace.mtx,HYBMU.t,27689972,0.019482,73.4,3.5,9.9,1.6,7.6,1.2,4.179,1.031,1.791,1.031,1.03,1.262,ELL.t
Janna,Transport.mtx,ELL.t,23500731,0.000916,14.7,1.1,6.9,0.5,2.1,0.1,3.983,0.938,1.859,0.938,0.939,2.921,ELL.t